inicio
[91mError de ejecuci├│n:[0m
System.Management.Automation.RemoteException
[36m1[0m. En stress-recursion.clsx:5:1 [33mÔåÆ[0m main
  5 | function main(args: String[]) -> int {
    | [90m^[0m
[36m2[0m. En stress-recursion.clsx:2:1 [33mÔåÆ[0m f
  2 | function f(n: int) -> int {
    | [90m^[0m
[36m3[0m. En stress-recursion.clsx:2:1 [33mÔåÆ[0m f
  2 | function f(n: int) -> int {
    | [90m^[0m
[36m4[0m. En stress-recursion.clsx:2:1 [33mÔåÆ[0m f
  2 | function f(n: int) -> int {
    | [90m^[0m
[36m5[0m. En stress-recursion.clsx:2:1 [33mÔåÆ[0m f
  2 | function f(n: int) -> int {
    | [90m^[0m
[36m6[0m. En stress-recursion.clsx:2:1 [33mÔåÆ[0m f
  2 | function f(n: int) -> int {
    | [90m^[0m
[36m7[0m. En stress-recursion.clsx:2:1 [33mÔåÆ[0m f
  2 | function f(n: int) -> int {
    | [90m^[0m
[36m8[0m. En stress-recursion.clsx:2:1 [33mÔåÆ[0m f
  2 | function f(n: int) -> int {
    | [90m^[0m
[36m9[0m. En stress-recursion.clsx:2:1 [33mÔåÆ[0m f
  2 | function f(n: int) -> int {
    | [90m^[0m
[36m10[0m. En stress-recursion.clsx:2:1 [33mÔåÆ[0m f
  2 | function f(n: int) -> int {
    | [90m^[0m
[36m11[0m. En stress-recursion.clsx:2:1 [33mÔåÆ[0m f
  2 | function f(n: int) -> int {
    | [90m^[0m
[36m12[0m. En stress-recursion.clsx:2:1 [33mÔåÆ[0m f
  2 | function f(n: int) -> int {
    | [90m^[0m
[36m13[0m. En stress-recursion.clsx:2:1 [33mÔåÆ[0m f
  2 | function f(n: int) -> int {
    | [90m^[0m
[36m14[0m. En stress-recursion.clsx:2:1 [33mÔåÆ[0m f
  2 | function f(n: int) -> int {
    | [90m^[0m
[36m15[0m. En stress-recursion.clsx:2:1 [33mÔåÆ[0m f
  2 | function f(n: int) -> int {
    | [90m^[0m
[36m16[0m. En stress-recursion.clsx:2:1 [33mÔåÆ[0m f
  2 | function f(n: int) -> int {
    | [90m^[0m
[36m17[0m. En stress-recursion.clsx:2:1 [33mÔåÆ[0m f
  2 | function f(n: int) -> int {
    | [90m^[0m
[36m18[0m. En stress-recursion.clsx:2:1 [33mÔåÆ[0m f
  2 | function f(n: int) -> int {
    | [90m^[0m
[36m19[0m. En stress-recursion.clsx:2:1 [33mÔåÆ[0m f
  2 | function f(n: int) -> int {
    | [90m^[0m
[36m20[0m. En stress-recursion.clsx:2:1 [33mÔåÆ[0m f
  2 | function f(n: int) -> int {
    | [90m^[0m
[36m21[0m. En stress-recursion.clsx:2:1 [33mÔåÆ[0m f
  2 | function f(n: int) -> int {
    | [90m^[0m
[36m22[0m. En stress-recursion.clsx:2:1 [33mÔåÆ[0m f
  2 | function f(n: int) -> int {
    | [90m^[0m
[36m23[0m. En stress-recursion.clsx:2:1 [33mÔåÆ[0m f
  2 | function f(n: int) -> int {
    | [90m^[0m
[36m24[0m. En stress-recursion.clsx:2:1 [33mÔåÆ[0m f
  2 | function f(n: int) -> int {
    | [90m^[0m
[36m25[0m. En stress-recursion.clsx:2:1 [33mÔåÆ[0m f
  2 | function f(n: int) -> int {
    | [90m^[0m
[36m26[0m. En stress-recursion.clsx:2:1 [33mÔåÆ[0m f
  2 | function f(n: int) -> int {
    | [90m^[0m
[36m27[0m. En stress-recursion.clsx:2:1 [33mÔåÆ[0m f
  2 | function f(n: int) -> int {
    | [90m^[0m
[36m28[0m. En stress-recursion.clsx:2:1 [33mÔåÆ[0m f
  2 | function f(n: int) -> int {
    | [90m^[0m
[36m29[0m. En stress-recursion.clsx:2:1 [33mÔåÆ[0m f
  2 | function f(n: int) -> int {
    | [90m^[0m
[36m30[0m. En stress-recursion.clsx:2:1 [33mÔåÆ[0m f
  2 | function f(n: int) -> int {
    | [90m^[0m
[36m31[0m. En stress-recursion.clsx:2:1 [33mÔåÆ[0m f
  2 | function f(n: int) -> int {
    | [90m^[0m
[36m32[0m. En stress-recursion.clsx:2:1 [33mÔåÆ[0m f
  2 | function f(n: int) -> int {
    | [90m^[0m
[36m33[0m. En stress-recursion.clsx:2:1 [33mÔåÆ[0m f
  2 | function f(n: int) -> int {
    | [90m^[0m
[36m34[0m. En stress-recursion.clsx:2:1 [33mÔåÆ[0m f
  2 | function f(n: int) -> int {
    | [90m^[0m
[36m35[0m. En stress-recursion.clsx:2:1 [33mÔåÆ[0m f
  2 | function f(n: int) -> int {
    | [90m^[0m
[36m36[0m. En stress-recursion.clsx:2:1 [33mÔåÆ[0m f
  2 | function f(n: int) -> int {
    | [90m^[0m
[36m37[0m. En stress-recursion.clsx:2:1 [33mÔåÆ[0m f
  2 | function f(n: int) -> int {
    | [90m^[0m
[36m38[0m. En stress-recursion.clsx:2:1 [33mÔåÆ[0m f
  2 | function f(n: int) -> int {
    | [90m^[0m
[36m39[0m. En stress-recursion.clsx:2:1 [33mÔåÆ[0m f
  2 | function f(n: int) -> int {
    | [90m^[0m
[36m40[0m. En stress-recursion.clsx:2:1 [33mÔåÆ[0m f
  2 | function f(n: int) -> int {
    | [90m^[0m
[36m41[0m. En stress-recursion.clsx:2:1 [33mÔåÆ[0m f
  2 | function f(n: int) -> int {
    | [90m^[0m
[36m42[0m. En stress-recursion.clsx:2:1 [33mÔåÆ[0m f
  2 | function f(n: int) -> int {
    | [90m^[0m
[36m43[0m. En stress-recursion.clsx:2:1 [33mÔåÆ[0m f
  2 | function f(n: int) -> int {
    | [90m^[0m
[36m44[0m. En stress-recursion.clsx:2:1 [33mÔåÆ[0m f
  2 | function f(n: int) -> int {
    | [90m^[0m
[36m45[0m. En stress-recursion.clsx:2:1 [33mÔåÆ[0m f
  2 | function f(n: int) -> int {
    | [90m^[0m
[36m46[0m. En stress-recursion.clsx:2:1 [33mÔåÆ[0m f
  2 | function f(n: int) -> int {
    | [90m^[0m
[36m47[0m. En stress-recursion.clsx:2:1 [33mÔåÆ[0m f
  2 | function f(n: int) -> int {
    | [90m^[0m
[36m48[0m. En stress-recursion.clsx:2:1 [33mÔåÆ[0m f
  2 | function f(n: int) -> int {
    | [90m^[0m
[36m49[0m. En stress-recursion.clsx:2:1 [33mÔåÆ[0m f
  2 | function f(n: int) -> int {
    | [90m^[0m
[36m50[0m. En stress-recursion.clsx:2:1 [33mÔåÆ[0m f
  2 | function f(n: int) -> int {
    | [90m^[0m
[36m51[0m. En stress-recursion.clsx:2:1 [33mÔåÆ[0m f
  2 | function f(n: int) -> int {
    | [90m^[0m
[36m52[0m. En stress-recursion.clsx:2:1 [33mÔåÆ[0m f
  2 | function f(n: int) -> int {
    | [90m^[0m
[36m53[0m. En stress-recursion.clsx:2:1 [33mÔåÆ[0m f
  2 | function f(n: int) -> int {
    | [90m^[0m
[36m54[0m. En stress-recursion.clsx:2:1 [33mÔåÆ[0m f
  2 | function f(n: int) -> int {
    | [90m^[0m
[36m55[0m. En stress-recursion.clsx:2:1 [33mÔåÆ[0m f
  2 | function f(n: int) -> int {
    | [90m^[0m
[36m56[0m. En stress-recursion.clsx:2:1 [33mÔåÆ[0m f
  2 | function f(n: int) -> int {
    | [90m^[0m
[36m57[0m. En stress-recursion.clsx:2:1 [33mÔåÆ[0m f
  2 | function f(n: int) -> int {
    | [90m^[0m
[36m58[0m. En stress-recursion.clsx:2:1 [33mÔåÆ[0m f
  2 | function f(n: int) -> int {
    | [90m^[0m
[36m59[0m. En stress-recursion.clsx:2:1 [33mÔåÆ[0m f
  2 | function f(n: int) -> int {
    | [90m^[0m
[36m60[0m. En stress-recursion.clsx:2:1 [33mÔåÆ[0m f
  2 | function f(n: int) -> int {
    | [90m^[0m
[36m61[0m. En stress-recursion.clsx:2:1 [33mÔåÆ[0m f
  2 | function f(n: int) -> int {
    | [90m^[0m
[36m62[0m. En stress-recursion.clsx:2:1 [33mÔåÆ[0m f
  2 | function f(n: int) -> int {
    | [90m^[0m
[36m63[0m. En stress-recursion.clsx:2:1 [33mÔåÆ[0m f
  2 | function f(n: int) -> int {
    | [90m^[0m
[36m64[0m. En stress-recursion.clsx:2:1 [33mÔåÆ[0m f
  2 | function f(n: int) -> int {
    | [90m^[0m
[36m65[0m. En stress-recursion.clsx:2:1 [33mÔåÆ[0m f
  2 | function f(n: int) -> int {
    | [90m^[0m
[36m66[0m. En stress-recursion.clsx:2:1 [33mÔåÆ[0m f
  2 | function f(n: int) -> int {
    | [90m^[0m
[36m67[0m. En stress-recursion.clsx:2:1 [33mÔåÆ[0m f
  2 | function f(n: int) -> int {
    | [90m^[0m
[36m68[0m. En stress-recursion.clsx:2:1 [33mÔåÆ[0m f
  2 | function f(n: int) -> int {
    | [90m^[0m
[36m69[0m. En stress-recursion.clsx:2:1 [33mÔåÆ[0m f
  2 | function f(n: int) -> int {
    | [90m^[0m
[36m70[0m. En stress-recursion.clsx:2:1 [33mÔåÆ[0m f
  2 | function f(n: int) -> int {
    | [90m^[0m
[36m71[0m. En stress-recursion.clsx:2:1 [33mÔåÆ[0m f
  2 | function f(n: int) -> int {
    | [90m^[0m
[36m72[0m. En stress-recursion.clsx:2:1 [33mÔåÆ[0m f
  2 | function f(n: int) -> int {
    | [90m^[0m
[36m73[0m. En stress-recursion.clsx:2:1 [33mÔåÆ[0m f
  2 | function f(n: int) -> int {
    | [90m^[0m
[36m74[0m. En stress-recursion.clsx:2:1 [33mÔåÆ[0m f
  2 | function f(n: int) -> int {
    | [90m^[0m
[36m75[0m. En stress-recursion.clsx:2:1 [33mÔåÆ[0m f
  2 | function f(n: int) -> int {
    | [90m^[0m
[36m76[0m. En stress-recursion.clsx:2:1 [33mÔåÆ[0m f
  2 | function f(n: int) -> int {
    | [90m^[0m
[36m77[0m. En stress-recursion.clsx:2:1 [33mÔåÆ[0m f
  2 | function f(n: int) -> int {
    | [90m^[0m
[36m78[0m. En stress-recursion.clsx:2:1 [33mÔåÆ[0m f
  2 | function f(n: int) -> int {
    | [90m^[0m
[36m79[0m. En stress-recursion.clsx:2:1 [33mÔåÆ[0m f
  2 | function f(n: int) -> int {
    | [90m^[0m
[36m80[0m. En stress-recursion.clsx:2:1 [33mÔåÆ[0m f
  2 | function f(n: int) -> int {
    | [90m^[0m
[36m81[0m. En stress-recursion.clsx:2:1 [33mÔåÆ[0m f
  2 | function f(n: int) -> int {
    | [90m^[0m
[36m82[0m. En stress-recursion.clsx:2:1 [33mÔåÆ[0m f
  2 | function f(n: int) -> int {
    | [90m^[0m
[36m83[0m. En stress-recursion.clsx:2:1 [33mÔåÆ[0m f
  2 | function f(n: int) -> int {
    | [90m^[0m
[36m84[0m. En stress-recursion.clsx:2:1 [33mÔåÆ[0m f
  2 | function f(n: int) -> int {
    | [90m^[0m
[36m85[0m. En stress-recursion.clsx:2:1 [33mÔåÆ[0m f
  2 | function f(n: int) -> int {
    | [90m^[0m
[36m86[0m. En stress-recursion.clsx:2:1 [33mÔåÆ[0m f
  2 | function f(n: int) -> int {
    | [90m^[0m
[36m87[0m. En stress-recursion.clsx:2:1 [33mÔåÆ[0m f
  2 | function f(n: int) -> int {
    | [90m^[0m
[36m88[0m. En stress-recursion.clsx:2:1 [33mÔåÆ[0m f
  2 | function f(n: int) -> int {
    | [90m^[0m
[36m89[0m. En stress-recursion.clsx:2:1 [33mÔåÆ[0m f
  2 | function f(n: int) -> int {
    | [90m^[0m
[36m90[0m. En stress-recursion.clsx:2:1 [33mÔåÆ[0m f
  2 | function f(n: int) -> int {
    | [90m^[0m
[36m91[0m. En stress-recursion.clsx:2:1 [33mÔåÆ[0m f
  2 | function f(n: int) -> int {
    | [90m^[0m
[36m92[0m. En stress-recursion.clsx:2:1 [33mÔåÆ[0m f
  2 | function f(n: int) -> int {
    | [90m^[0m
[36m93[0m. En stress-recursion.clsx:2:1 [33mÔåÆ[0m f
  2 | function f(n: int) -> int {
    | [90m^[0m
[36m94[0m. En stress-recursion.clsx:2:1 [33mÔåÆ[0m f
  2 | function f(n: int) -> int {
    | [90m^[0m
[36m95[0m. En stress-recursion.clsx:2:1 [33mÔåÆ[0m f
  2 | function f(n: int) -> int {
    | [90m^[0m
[36m96[0m. En stress-recursion.clsx:2:1 [33mÔåÆ[0m f
  2 | function f(n: int) -> int {
    | [90m^[0m
[36m97[0m. En stress-recursion.clsx:2:1 [33mÔåÆ[0m f
  2 | function f(n: int) -> int {
    | [90m^[0m
[36m98[0m. En stress-recursion.clsx:2:1 [33mÔåÆ[0m f
  2 | function f(n: int) -> int {
    | [90m^[0m
[36m99[0m. En stress-recursion.clsx:2:1 [33mÔåÆ[0m f
  2 | function f(n: int) -> int {
    | [90m^[0m
[36m100[0m. En stress-recursion.clsx:2:1 [33mÔåÆ[0m f
  2 | function f(n: int) -> int {
    | [90m^[0m
[36m101[0m. En stress-recursion.clsx:2:1 [33mÔåÆ[0m f
  2 | function f(n: int) -> int {
    | [90m^[0m
[36m102[0m. En stress-recursion.clsx:2:1 [33mÔåÆ[0m f
  2 | function f(n: int) -> int {
    | [90m^[0m
[36m103[0m. En stress-recursion.clsx:2:1 [33mÔåÆ[0m f
  2 | function f(n: int) -> int {
    | [90m^[0m
[36m104[0m. En stress-recursion.clsx:2:1 [33mÔåÆ[0m f
  2 | function f(n: int) -> int {
    | [90m^[0m
[36m105[0m. En stress-recursion.clsx:2:1 [33mÔåÆ[0m f
  2 | function f(n: int) -> int {
    | [90m^[0m
[36m106[0m. En stress-recursion.clsx:2:1 [33mÔåÆ[0m f
  2 | function f(n: int) -> int {
    | [90m^[0m
[36m107[0m. En stress-recursion.clsx:2:1 [33mÔåÆ[0m f
  2 | function f(n: int) -> int {
    | [90m^[0m
[36m108[0m. En stress-recursion.clsx:2:1 [33mÔåÆ[0m f
  2 | function f(n: int) -> int {
    | [90m^[0m
[36m109[0m. En stress-recursion.clsx:2:1 [33mÔåÆ[0m f
  2 | function f(n: int) -> int {
    | [90m^[0m
[36m110[0m. En stress-recursion.clsx:2:1 [33mÔåÆ[0m f
  2 | function f(n: int) -> int {
    | [90m^[0m
[36m111[0m. En stress-recursion.clsx:2:1 [33mÔåÆ[0m f
  2 | function f(n: int) -> int {
    | [90m^[0m
[36m112[0m. En stress-recursion.clsx:2:1 [33mÔåÆ[0m f
  2 | function f(n: int) -> int {
    | [90m^[0m
[36m113[0m. En stress-recursion.clsx:2:1 [33mÔåÆ[0m f
  2 | function f(n: int) -> int {
    | [90m^[0m
[36m114[0m. En stress-recursion.clsx:2:1 [33mÔåÆ[0m f
  2 | function f(n: int) -> int {
    | [90m^[0m
[36m115[0m. En stress-recursion.clsx:2:1 [33mÔåÆ[0m f
  2 | function f(n: int) -> int {
    | [90m^[0m
[36m116[0m. En stress-recursion.clsx:2:1 [33mÔåÆ[0m f
  2 | function f(n: int) -> int {
    | [90m^[0m
[36m117[0m. En stress-recursion.clsx:2:1 [33mÔåÆ[0m f
  2 | function f(n: int) -> int {
    | [90m^[0m
[36m118[0m. En stress-recursion.clsx:2:1 [33mÔåÆ[0m f
  2 | function f(n: int) -> int {
    | [90m^[0m
[36m119[0m. En stress-recursion.clsx:2:1 [33mÔåÆ[0m f
  2 | function f(n: int) -> int {
    | [90m^[0m
[36m120[0m. En stress-recursion.clsx:2:1 [33mÔåÆ[0m f
  2 | function f(n: int) -> int {
    | [90m^[0m
[36m121[0m. En stress-recursion.clsx:2:1 [33mÔåÆ[0m f
  2 | function f(n: int) -> int {
    | [90m^[0m
[36m122[0m. En stress-recursion.clsx:2:1 [33mÔåÆ[0m f
  2 | function f(n: int) -> int {
    | [90m^[0m
[36m123[0m. En stress-recursion.clsx:2:1 [33mÔåÆ[0m f
  2 | function f(n: int) -> int {
    | [90m^[0m
[36m124[0m. En stress-recursion.clsx:2:1 [33mÔåÆ[0m f
  2 | function f(n: int) -> int {
    | [90m^[0m
[36m125[0m. En stress-recursion.clsx:2:1 [33mÔåÆ[0m f
  2 | function f(n: int) -> int {
    | [90m^[0m
[36m126[0m. En stress-recursion.clsx:2:1 [33mÔåÆ[0m f
  2 | function f(n: int) -> int {
    | [90m^[0m
[36m127[0m. En stress-recursion.clsx:2:1 [33mÔåÆ[0m f
  2 | function f(n: int) -> int {
    | [90m^[0m
[36m128[0m. En stress-recursion.clsx:2:1 [33mÔåÆ[0m f
  2 | function f(n: int) -> int {
    | [90m^[0m
[36m129[0m. En stress-recursion.clsx:2:1 [33mÔåÆ[0m f
  2 | function f(n: int) -> int {
    | [90m^[0m
[36m130[0m. En stress-recursion.clsx:2:1 [33mÔåÆ[0m f
  2 | function f(n: int) -> int {
    | [90m^[0m
[36m131[0m. En stress-recursion.clsx:2:1 [33mÔåÆ[0m f
  2 | function f(n: int) -> int {
    | [90m^[0m
[36m132[0m. En stress-recursion.clsx:2:1 [33mÔåÆ[0m f
  2 | function f(n: int) -> int {
    | [90m^[0m
[36m133[0m. En stress-recursion.clsx:2:1 [33mÔåÆ[0m f
  2 | function f(n: int) -> int {
    | [90m^[0m
[36m134[0m. En stress-recursion.clsx:2:1 [33mÔåÆ[0m f
  2 | function f(n: int) -> int {
    | [90m^[0m
[36m135[0m. En stress-recursion.clsx:2:1 [33mÔåÆ[0m f
  2 | function f(n: int) -> int {
    | [90m^[0m
[36m136[0m. En stress-recursion.clsx:2:1 [33mÔåÆ[0m f
  2 | function f(n: int) -> int {
    | [90m^[0m
[36m137[0m. En stress-recursion.clsx:2:1 [33mÔåÆ[0m f
  2 | function f(n: int) -> int {
    | [90m^[0m
[36m138[0m. En stress-recursion.clsx:2:1 [33mÔåÆ[0m f
  2 | function f(n: int) -> int {
    | [90m^[0m
[36m139[0m. En stress-recursion.clsx:2:1 [33mÔåÆ[0m f
  2 | function f(n: int) -> int {
    | [90m^[0m
[36m140[0m. En stress-recursion.clsx:2:1 [33mÔåÆ[0m f
  2 | function f(n: int) -> int {
    | [90m^[0m
[36m141[0m. En stress-recursion.clsx:2:1 [33mÔåÆ[0m f
  2 | function f(n: int) -> int {
    | [90m^[0m
[36m142[0m. En stress-recursion.clsx:2:1 [33mÔåÆ[0m f
  2 | function f(n: int) -> int {
    | [90m^[0m
[36m143[0m. En stress-recursion.clsx:2:1 [33mÔåÆ[0m f
  2 | function f(n: int) -> int {
    | [90m^[0m
[36m144[0m. En stress-recursion.clsx:2:1 [33mÔåÆ[0m f
  2 | function f(n: int) -> int {
    | [90m^[0m
[36m145[0m. En stress-recursion.clsx:2:1 [33mÔåÆ[0m f
  2 | function f(n: int) -> int {
    | [90m^[0m
[36m146[0m. En stress-recursion.clsx:2:1 [33mÔåÆ[0m f
  2 | function f(n: int) -> int {
    | [90m^[0m
[36m147[0m. En stress-recursion.clsx:2:1 [33mÔåÆ[0m f
  2 | function f(n: int) -> int {
    | [90m^[0m
[36m148[0m. En stress-recursion.clsx:2:1 [33mÔåÆ[0m f
  2 | function f(n: int) -> int {
    | [90m^[0m
[36m149[0m. En stress-recursion.clsx:2:1 [33mÔåÆ[0m f
  2 | function f(n: int) -> int {
    | [90m^[0m
[36m150[0m. En stress-recursion.clsx:2:1 [33mÔåÆ[0m f
  2 | function f(n: int) -> int {
    | [90m^[0m
[36m151[0m. En stress-recursion.clsx:2:1 [33mÔåÆ[0m f
  2 | function f(n: int) -> int {
    | [90m^[0m
[36m152[0m. En stress-recursion.clsx:2:1 [33mÔåÆ[0m f
  2 | function f(n: int) -> int {
    | [90m^[0m
[36m153[0m. En stress-recursion.clsx:2:1 [33mÔåÆ[0m f
  2 | function f(n: int) -> int {
    | [90m^[0m
[36m154[0m. En stress-recursion.clsx:2:1 [33mÔåÆ[0m f
  2 | function f(n: int) -> int {
    | [90m^[0m
[36m155[0m. En stress-recursion.clsx:2:1 [33mÔåÆ[0m f
  2 | function f(n: int) -> int {
    | [90m^[0m
[36m156[0m. En stress-recursion.clsx:2:1 [33mÔåÆ[0m f
  2 | function f(n: int) -> int {
    | [90m^[0m
[36m157[0m. En stress-recursion.clsx:2:1 [33mÔåÆ[0m f
  2 | function f(n: int) -> int {
    | [90m^[0m
[36m158[0m. En stress-recursion.clsx:2:1 [33mÔåÆ[0m f
  2 | function f(n: int) -> int {
    | [90m^[0m
[36m159[0m. En stress-recursion.clsx:2:1 [33mÔåÆ[0m f
  2 | function f(n: int) -> int {
    | [90m^[0m
[36m160[0m. En stress-recursion.clsx:2:1 [33mÔåÆ[0m f
  2 | function f(n: int) -> int {
    | [90m^[0m
[36m161[0m. En stress-recursion.clsx:2:1 [33mÔåÆ[0m f
  2 | function f(n: int) -> int {
    | [90m^[0m
[36m162[0m. En stress-recursion.clsx:2:1 [33mÔåÆ[0m f
  2 | function f(n: int) -> int {
    | [90m^[0m
[36m163[0m. En stress-recursion.clsx:2:1 [33mÔåÆ[0m f
  2 | function f(n: int) -> int {
    | [90m^[0m
[36m164[0m. En stress-recursion.clsx:2:1 [33mÔåÆ[0m f
  2 | function f(n: int) -> int {
    | [90m^[0m
[36m165[0m. En stress-recursion.clsx:2:1 [33mÔåÆ[0m f
  2 | function f(n: int) -> int {
    | [90m^[0m
[36m166[0m. En stress-recursion.clsx:2:1 [33mÔåÆ[0m f
  2 | function f(n: int) -> int {
    | [90m^[0m
[36m167[0m. En stress-recursion.clsx:2:1 [33mÔåÆ[0m f
  2 | function f(n: int) -> int {
    | [90m^[0m
[36m168[0m. En stress-recursion.clsx:2:1 [33mÔåÆ[0m f
  2 | function f(n: int) -> int {
    | [90m^[0m
[36m169[0m. En stress-recursion.clsx:2:1 [33mÔåÆ[0m f
  2 | function f(n: int) -> int {
    | [90m^[0m
[36m170[0m. En stress-recursion.clsx:2:1 [33mÔåÆ[0m f
  2 | function f(n: int) -> int {
    | [90m^[0m
[36m171[0m. En stress-recursion.clsx:2:1 [33mÔåÆ[0m f
  2 | function f(n: int) -> int {
    | [90m^[0m
[36m172[0m. En stress-recursion.clsx:2:1 [33mÔåÆ[0m f
  2 | function f(n: int) -> int {
    | [90m^[0m
[36m173[0m. En stress-recursion.clsx:2:1 [33mÔåÆ[0m f
  2 | function f(n: int) -> int {
    | [90m^[0m
[36m174[0m. En stress-recursion.clsx:2:1 [33mÔåÆ[0m f
  2 | function f(n: int) -> int {
    | [90m^[0m
[36m175[0m. En stress-recursion.clsx:2:1 [33mÔåÆ[0m f
  2 | function f(n: int) -> int {
    | [90m^[0m
[36m176[0m. En stress-recursion.clsx:2:1 [33mÔåÆ[0m f
  2 | function f(n: int) -> int {
    | [90m^[0m
[36m177[0m. En stress-recursion.clsx:2:1 [33mÔåÆ[0m f
  2 | function f(n: int) -> int {
    | [90m^[0m
[36m178[0m. En stress-recursion.clsx:2:1 [33mÔåÆ[0m f
  2 | function f(n: int) -> int {
    | [90m^[0m
[36m179[0m. En stress-recursion.clsx:2:1 [33mÔåÆ[0m f
  2 | function f(n: int) -> int {
    | [90m^[0m
[36m180[0m. En stress-recursion.clsx:2:1 [33mÔåÆ[0m f
  2 | function f(n: int) -> int {
    | [90m^[0m
[36m181[0m. En stress-recursion.clsx:2:1 [33mÔåÆ[0m f
  2 | function f(n: int) -> int {
    | [90m^[0m
[36m182[0m. En stress-recursion.clsx:2:1 [33mÔåÆ[0m f
  2 | function f(n: int) -> int {
    | [90m^[0m
[36m183[0m. En stress-recursion.clsx:2:1 [33mÔåÆ[0m f
  2 | function f(n: int) -> int {
    | [90m^[0m
[36m184[0m. En stress-recursion.clsx:2:1 [33mÔåÆ[0m f
  2 | function f(n: int) -> int {
    | [90m^[0m
[36m185[0m. En stress-recursion.clsx:2:1 [33mÔåÆ[0m f
  2 | function f(n: int) -> int {
    | [90m^[0m
[36m186[0m. En stress-recursion.clsx:2:1 [33mÔåÆ[0m f
  2 | function f(n: int) -> int {
    | [90m^[0m
[36m187[0m. En stress-recursion.clsx:2:1 [33mÔåÆ[0m f
  2 | function f(n: int) -> int {
    | [90m^[0m
[36m188[0m. En stress-recursion.clsx:2:1 [33mÔåÆ[0m f
  2 | function f(n: int) -> int {
    | [90m^[0m
[36m189[0m. En stress-recursion.clsx:2:1 [33mÔåÆ[0m f
  2 | function f(n: int) -> int {
    | [90m^[0m
[36m190[0m. En stress-recursion.clsx:2:1 [33mÔåÆ[0m f
  2 | function f(n: int) -> int {
    | [90m^[0m
[36m191[0m. En stress-recursion.clsx:2:1 [33mÔåÆ[0m f
  2 | function f(n: int) -> int {
    | [90m^[0m
[36m192[0m. En stress-recursion.clsx:2:1 [33mÔåÆ[0m f
  2 | function f(n: int) -> int {
    | [90m^[0m
[36m193[0m. En stress-recursion.clsx:2:1 [33mÔåÆ[0m f
  2 | function f(n: int) -> int {
    | [90m^[0m
[36m194[0m. En stress-recursion.clsx:2:1 [33mÔåÆ[0m f
  2 | function f(n: int) -> int {
    | [90m^[0m
[36m195[0m. En stress-recursion.clsx:2:1 [33mÔåÆ[0m f
  2 | function f(n: int) -> int {
    | [90m^[0m
[36m196[0m. En stress-recursion.clsx:2:1 [33mÔåÆ[0m f
  2 | function f(n: int) -> int {
    | [90m^[0m
[36m197[0m. En stress-recursion.clsx:2:1 [33mÔåÆ[0m f
  2 | function f(n: int) -> int {
    | [90m^[0m
[36m198[0m. En stress-recursion.clsx:2:1 [33mÔåÆ[0m f
  2 | function f(n: int) -> int {
    | [90m^[0m
[36m199[0m. En stress-recursion.clsx:2:1 [33mÔåÆ[0m f
  2 | function f(n: int) -> int {
    | [90m^[0m
[36m200[0m. En stress-recursion.clsx:2:1 [33mÔåÆ[0m f
  2 | function f(n: int) -> int {
    | [90m^[0m
[36m201[0m. En stress-recursion.clsx:2:1 [33mÔåÆ[0m f
  2 | function f(n: int) -> int {
    | [90m^[0m
[36m202[0m. En stress-recursion.clsx:2:1 [33mÔåÆ[0m f
  2 | function f(n: int) -> int {
    | [90m^[0m
[36m203[0m. En stress-recursion.clsx:2:1 [33mÔåÆ[0m f
  2 | function f(n: int) -> int {
    | [90m^[0m
[36m204[0m. En stress-recursion.clsx:2:1 [33mÔåÆ[0m f
  2 | function f(n: int) -> int {
    | [90m^[0m
[36m205[0m. En stress-recursion.clsx:2:1 [33mÔåÆ[0m f
  2 | function f(n: int) -> int {
    | [90m^[0m
[36m206[0m. En stress-recursion.clsx:2:1 [33mÔåÆ[0m f
  2 | function f(n: int) -> int {
    | [90m^[0m
[36m207[0m. En stress-recursion.clsx:2:1 [33mÔåÆ[0m f
  2 | function f(n: int) -> int {
    | [90m^[0m
[36m208[0m. En stress-recursion.clsx:2:1 [33mÔåÆ[0m f
  2 | function f(n: int) -> int {
    | [90m^[0m
[36m209[0m. En stress-recursion.clsx:2:1 [33mÔåÆ[0m f
  2 | function f(n: int) -> int {
    | [90m^[0m
[36m210[0m. En stress-recursion.clsx:2:1 [33mÔåÆ[0m f
  2 | function f(n: int) -> int {
    | [90m^[0m
[36m211[0m. En stress-recursion.clsx:2:1 [33mÔåÆ[0m f
  2 | function f(n: int) -> int {
    | [90m^[0m
[36m212[0m. En stress-recursion.clsx:2:1 [33mÔåÆ[0m f
  2 | function f(n: int) -> int {
    | [90m^[0m
[36m213[0m. En stress-recursion.clsx:2:1 [33mÔåÆ[0m f
  2 | function f(n: int) -> int {
    | [90m^[0m
[36m214[0m. En stress-recursion.clsx:2:1 [33mÔåÆ[0m f
  2 | function f(n: int) -> int {
    | [90m^[0m
[36m215[0m. En stress-recursion.clsx:2:1 [33mÔåÆ[0m f
  2 | function f(n: int) -> int {
    | [90m^[0m
[36m216[0m. En stress-recursion.clsx:2:1 [33mÔåÆ[0m f
  2 | function f(n: int) -> int {
    | [90m^[0m
[36m217[0m. En stress-recursion.clsx:2:1 [33mÔåÆ[0m f
  2 | function f(n: int) -> int {
    | [90m^[0m
[36m218[0m. En stress-recursion.clsx:2:1 [33mÔåÆ[0m f
  2 | function f(n: int) -> int {
    | [90m^[0m
[36m219[0m. En stress-recursion.clsx:2:1 [33mÔåÆ[0m f
  2 | function f(n: int) -> int {
    | [90m^[0m
[36m220[0m. En stress-recursion.clsx:2:1 [33mÔåÆ[0m f
  2 | function f(n: int) -> int {
    | [90m^[0m
[36m221[0m. En stress-recursion.clsx:2:1 [33mÔåÆ[0m f
  2 | function f(n: int) -> int {
    | [90m^[0m
[36m222[0m. En stress-recursion.clsx:2:1 [33mÔåÆ[0m f
  2 | function f(n: int) -> int {
    | [90m^[0m
[36m223[0m. En stress-recursion.clsx:2:1 [33mÔåÆ[0m f
  2 | function f(n: int) -> int {
    | [90m^[0m
[36m224[0m. En stress-recursion.clsx:2:1 [33mÔåÆ[0m f
  2 | function f(n: int) -> int {
    | [90m^[0m
[36m225[0m. En stress-recursion.clsx:2:1 [33mÔåÆ[0m f
  2 | function f(n: int) -> int {
    | [90m^[0m
[36m226[0m. En stress-recursion.clsx:2:1 [33mÔåÆ[0m f
  2 | function f(n: int) -> int {
    | [90m^[0m
[36m227[0m. En stress-recursion.clsx:2:1 [33mÔåÆ[0m f
  2 | function f(n: int) -> int {
    | [90m^[0m
[36m228[0m. En stress-recursion.clsx:2:1 [33mÔåÆ[0m f
  2 | function f(n: int) -> int {
    | [90m^[0m
[36m229[0m. En stress-recursion.clsx:2:1 [33mÔåÆ[0m f
  2 | function f(n: int) -> int {
    | [90m^[0m
[36m230[0m. En stress-recursion.clsx:2:1 [33mÔåÆ[0m f
  2 | function f(n: int) -> int {
    | [90m^[0m
[36m231[0m. En stress-recursion.clsx:2:1 [33mÔåÆ[0m f
  2 | function f(n: int) -> int {
    | [90m^[0m
[36m232[0m. En stress-recursion.clsx:2:1 [33mÔåÆ[0m f
  2 | function f(n: int) -> int {
    | [90m^[0m
[36m233[0m. En stress-recursion.clsx:2:1 [33mÔåÆ[0m f
  2 | function f(n: int) -> int {
    | [90m^[0m
[36m234[0m. En stress-recursion.clsx:2:1 [33mÔåÆ[0m f
  2 | function f(n: int) -> int {
    | [90m^[0m
[36m235[0m. En stress-recursion.clsx:2:1 [33mÔåÆ[0m f
  2 | function f(n: int) -> int {
    | [90m^[0m
[36m236[0m. En stress-recursion.clsx:2:1 [33mÔåÆ[0m f
  2 | function f(n: int) -> int {
    | [90m^[0m
[36m237[0m. En stress-recursion.clsx:2:1 [33mÔåÆ[0m f
  2 | function f(n: int) -> int {
    | [90m^[0m
[36m238[0m. En stress-recursion.clsx:2:1 [33mÔåÆ[0m f
  2 | function f(n: int) -> int {
    | [90m^[0m
[36m239[0m. En stress-recursion.clsx:2:1 [33mÔåÆ[0m f
  2 | function f(n: int) -> int {
    | [90m^[0m
[36m240[0m. En stress-recursion.clsx:2:1 [33mÔåÆ[0m f
  2 | function f(n: int) -> int {
    | [90m^[0m
[36m241[0m. En stress-recursion.clsx:2:1 [33mÔåÆ[0m f
  2 | function f(n: int) -> int {
    | [90m^[0m
[36m242[0m. En stress-recursion.clsx:2:1 [33mÔåÆ[0m f
  2 | function f(n: int) -> int {
    | [90m^[0m
[36m243[0m. En stress-recursion.clsx:2:1 [33mÔåÆ[0m f
  2 | function f(n: int) -> int {
    | [90m^[0m
[36m244[0m. En stress-recursion.clsx:2:1 [33mÔåÆ[0m f
  2 | function f(n: int) -> int {
    | [90m^[0m
[36m245[0m. En stress-recursion.clsx:2:1 [33mÔåÆ[0m f
  2 | function f(n: int) -> int {
    | [90m^[0m
[36m246[0m. En stress-recursion.clsx:2:1 [33mÔåÆ[0m f
  2 | function f(n: int) -> int {
    | [90m^[0m
[36m247[0m. En stress-recursion.clsx:2:1 [33mÔåÆ[0m f
  2 | function f(n: int) -> int {
    | [90m^[0m
[36m248[0m. En stress-recursion.clsx:2:1 [33mÔåÆ[0m f
  2 | function f(n: int) -> int {
    | [90m^[0m
[36m249[0m. En stress-recursion.clsx:2:1 [33mÔåÆ[0m f
  2 | function f(n: int) -> int {
    | [90m^[0m
[36m250[0m. En stress-recursion.clsx:2:1 [33mÔåÆ[0m f
  2 | function f(n: int) -> int {
    | [90m^[0m
[36m251[0m. En stress-recursion.clsx:2:1 [33mÔåÆ[0m f
  2 | function f(n: int) -> int {
    | [90m^[0m
[36m252[0m. En stress-recursion.clsx:2:1 [33mÔåÆ[0m f
  2 | function f(n: int) -> int {
    | [90m^[0m
[36m253[0m. En stress-recursion.clsx:2:1 [33mÔåÆ[0m f
  2 | function f(n: int) -> int {
    | [90m^[0m
[36m254[0m. En stress-recursion.clsx:2:1 [33mÔåÆ[0m f
  2 | function f(n: int) -> int {
    | [90m^[0m
[36m255[0m. En stress-recursion.clsx:2:1 [33mÔåÆ[0m f
  2 | function f(n: int) -> int {
    | [90m^[0m
[36m256[0m. En stress-recursion.clsx:2:1 [33mÔåÆ[0m f
  2 | function f(n: int) -> int {
    | [90m^[0m
[36m257[0m. En stress-recursion.clsx:2:1 [33mÔåÆ[0m f
  2 | function f(n: int) -> int {
    | [90m^[0m
[36m258[0m. En stress-recursion.clsx:2:1 [33mÔåÆ[0m f
  2 | function f(n: int) -> int {
    | [90m^[0m
[36m259[0m. En stress-recursion.clsx:2:1 [33mÔåÆ[0m f
  2 | function f(n: int) -> int {
    | [90m^[0m
[36m260[0m. En stress-recursion.clsx:2:1 [33mÔåÆ[0m f
  2 | function f(n: int) -> int {
    | [90m^[0m
[36m261[0m. En stress-recursion.clsx:2:1 [33mÔåÆ[0m f
  2 | function f(n: int) -> int {
    | [90m^[0m
[36m262[0m. En stress-recursion.clsx:2:1 [33mÔåÆ[0m f
  2 | function f(n: int) -> int {
    | [90m^[0m
[36m263[0m. En stress-recursion.clsx:2:1 [33mÔåÆ[0m f
  2 | function f(n: int) -> int {
    | [90m^[0m
[36m264[0m. En stress-recursion.clsx:2:1 [33mÔåÆ[0m f
  2 | function f(n: int) -> int {
    | [90m^[0m
[36m265[0m. En stress-recursion.clsx:2:1 [33mÔåÆ[0m f
  2 | function f(n: int) -> int {
    | [90m^[0m
[36m266[0m. En stress-recursion.clsx:2:1 [33mÔåÆ[0m f
  2 | function f(n: int) -> int {
    | [90m^[0m
[36m267[0m. En stress-recursion.clsx:2:1 [33mÔåÆ[0m f
  2 | function f(n: int) -> int {
    | [90m^[0m
[36m268[0m. En stress-recursion.clsx:2:1 [33mÔåÆ[0m f
  2 | function f(n: int) -> int {
    | [90m^[0m
[36m269[0m. En stress-recursion.clsx:2:1 [33mÔåÆ[0m f
  2 | function f(n: int) -> int {
    | [90m^[0m
[36m270[0m. En stress-recursion.clsx:2:1 [33mÔåÆ[0m f
  2 | function f(n: int) -> int {
    | [90m^[0m
[36m271[0m. En stress-recursion.clsx:2:1 [33mÔåÆ[0m f
  2 | function f(n: int) -> int {
    | [90m^[0m
[36m272[0m. En stress-recursion.clsx:2:1 [33mÔåÆ[0m f
  2 | function f(n: int) -> int {
    | [90m^[0m
[36m273[0m. En stress-recursion.clsx:2:1 [33mÔåÆ[0m f
  2 | function f(n: int) -> int {
    | [90m^[0m
[36m274[0m. En stress-recursion.clsx:2:1 [33mÔåÆ[0m f
  2 | function f(n: int) -> int {
    | [90m^[0m
[36m275[0m. En stress-recursion.clsx:2:1 [33mÔåÆ[0m f
  2 | function f(n: int) -> int {
    | [90m^[0m
[36m276[0m. En stress-recursion.clsx:2:1 [33mÔåÆ[0m f
  2 | function f(n: int) -> int {
    | [90m^[0m
[36m277[0m. En stress-recursion.clsx:2:1 [33mÔåÆ[0m f
  2 | function f(n: int) -> int {
    | [90m^[0m
[36m278[0m. En stress-recursion.clsx:2:1 [33mÔåÆ[0m f
  2 | function f(n: int) -> int {
    | [90m^[0m
[36m279[0m. En stress-recursion.clsx:2:1 [33mÔåÆ[0m f
  2 | function f(n: int) -> int {
    | [90m^[0m
[36m280[0m. En stress-recursion.clsx:2:1 [33mÔåÆ[0m f
  2 | function f(n: int) -> int {
    | [90m^[0m
[36m281[0m. En stress-recursion.clsx:2:1 [33mÔåÆ[0m f
  2 | function f(n: int) -> int {
    | [90m^[0m
[36m282[0m. En stress-recursion.clsx:2:1 [33mÔåÆ[0m f
  2 | function f(n: int) -> int {
    | [90m^[0m
[36m283[0m. En stress-recursion.clsx:2:1 [33mÔåÆ[0m f
  2 | function f(n: int) -> int {
    | [90m^[0m
[36m284[0m. En stress-recursion.clsx:2:1 [33mÔåÆ[0m f
  2 | function f(n: int) -> int {
    | [90m^[0m
[36m285[0m. En stress-recursion.clsx:2:1 [33mÔåÆ[0m f
  2 | function f(n: int) -> int {
    | [90m^[0m
[36m286[0m. En stress-recursion.clsx:2:1 [33mÔåÆ[0m f
  2 | function f(n: int) -> int {
    | [90m^[0m
[36m287[0m. En stress-recursion.clsx:2:1 [33mÔåÆ[0m f
  2 | function f(n: int) -> int {
    | [90m^[0m
[36m288[0m. En stress-recursion.clsx:2:1 [33mÔåÆ[0m f
  2 | function f(n: int) -> int {
    | [90m^[0m
[36m289[0m. En stress-recursion.clsx:2:1 [33mÔåÆ[0m f
  2 | function f(n: int) -> int {
    | [90m^[0m
[36m290[0m. En stress-recursion.clsx:2:1 [33mÔåÆ[0m f
  2 | function f(n: int) -> int {
    | [90m^[0m
[36m291[0m. En stress-recursion.clsx:2:1 [33mÔåÆ[0m f
  2 | function f(n: int) -> int {
    | [90m^[0m
[36m292[0m. En stress-recursion.clsx:2:1 [33mÔåÆ[0m f
  2 | function f(n: int) -> int {
    | [90m^[0m
[36m293[0m. En stress-recursion.clsx:2:1 [33mÔåÆ[0m f
  2 | function f(n: int) -> int {
    | [90m^[0m
[36m294[0m. En stress-recursion.clsx:2:1 [33mÔåÆ[0m f
  2 | function f(n: int) -> int {
    | [90m^[0m
[36m295[0m. En stress-recursion.clsx:2:1 [33mÔåÆ[0m f
  2 | function f(n: int) -> int {
    | [90m^[0m
[36m296[0m. En stress-recursion.clsx:2:1 [33mÔåÆ[0m f
  2 | function f(n: int) -> int {
    | [90m^[0m
[36m297[0m. En stress-recursion.clsx:2:1 [33mÔåÆ[0m f
  2 | function f(n: int) -> int {
    | [90m^[0m
[36m298[0m. En stress-recursion.clsx:2:1 [33mÔåÆ[0m f
  2 | function f(n: int) -> int {
    | [90m^[0m
[36m299[0m. En stress-recursion.clsx:2:1 [33mÔåÆ[0m f
  2 | function f(n: int) -> int {
    | [90m^[0m
[36m300[0m. En stress-recursion.clsx:2:1 [33mÔåÆ[0m f
  2 | function f(n: int) -> int {
    | [90m^[0m
[36m301[0m. En stress-recursion.clsx:2:1 [33mÔåÆ[0m f
  2 | function f(n: int) -> int {
    | [90m^[0m
[36m302[0m. En stress-recursion.clsx:2:1 [33mÔåÆ[0m f
  2 | function f(n: int) -> int {
    | [90m^[0m
[36m303[0m. En stress-recursion.clsx:2:1 [33mÔåÆ[0m f
  2 | function f(n: int) -> int {
    | [90m^[0m
[36m304[0m. En stress-recursion.clsx:2:1 [33mÔåÆ[0m f
  2 | function f(n: int) -> int {
    | [90m^[0m
[36m305[0m. En stress-recursion.clsx:2:1 [33mÔåÆ[0m f
  2 | function f(n: int) -> int {
    | [90m^[0m
[36m306[0m. En stress-recursion.clsx:2:1 [33mÔåÆ[0m f
  2 | function f(n: int) -> int {
    | [90m^[0m
[36m307[0m. En stress-recursion.clsx:2:1 [33mÔåÆ[0m f
  2 | function f(n: int) -> int {
    | [90m^[0m
[36m308[0m. En stress-recursion.clsx:2:1 [33mÔåÆ[0m f
  2 | function f(n: int) -> int {
    | [90m^[0m
[36m309[0m. En stress-recursion.clsx:2:1 [33mÔåÆ[0m f
  2 | function f(n: int) -> int {
    | [90m^[0m
[36m310[0m. En stress-recursion.clsx:2:1 [33mÔåÆ[0m f
  2 | function f(n: int) -> int {
    | [90m^[0m
[36m311[0m. En stress-recursion.clsx:2:1 [33mÔåÆ[0m f
  2 | function f(n: int) -> int {
    | [90m^[0m
[36m312[0m. En stress-recursion.clsx:2:1 [33mÔåÆ[0m f
  2 | function f(n: int) -> int {
    | [90m^[0m
[36m313[0m. En stress-recursion.clsx:2:1 [33mÔåÆ[0m f
  2 | function f(n: int) -> int {
    | [90m^[0m
[36m314[0m. En stress-recursion.clsx:2:1 [33mÔåÆ[0m f
  2 | function f(n: int) -> int {
    | [90m^[0m
[36m315[0m. En stress-recursion.clsx:2:1 [33mÔåÆ[0m f
  2 | function f(n: int) -> int {
    | [90m^[0m
[36m316[0m. En stress-recursion.clsx:2:1 [33mÔåÆ[0m f
  2 | function f(n: int) -> int {
    | [90m^[0m
[36m317[0m. En stress-recursion.clsx:2:1 [33mÔåÆ[0m f
  2 | function f(n: int) -> int {
    | [90m^[0m
[36m318[0m. En stress-recursion.clsx:2:1 [33mÔåÆ[0m f
  2 | function f(n: int) -> int {
    | [90m^[0m
[36m319[0m. En stress-recursion.clsx:2:1 [33mÔåÆ[0m f
  2 | function f(n: int) -> int {
    | [90m^[0m
[36m320[0m. En stress-recursion.clsx:2:1 [33mÔåÆ[0m f
  2 | function f(n: int) -> int {
    | [90m^[0m
[36m321[0m. En stress-recursion.clsx:2:1 [33mÔåÆ[0m f
  2 | function f(n: int) -> int {
    | [90m^[0m
[36m322[0m. En stress-recursion.clsx:2:1 [33mÔåÆ[0m f
  2 | function f(n: int) -> int {
    | [90m^[0m
[36m323[0m. En stress-recursion.clsx:2:1 [33mÔåÆ[0m f
  2 | function f(n: int) -> int {
    | [90m^[0m
[36m324[0m. En stress-recursion.clsx:2:1 [33mÔåÆ[0m f
  2 | function f(n: int) -> int {
    | [90m^[0m
[36m325[0m. En stress-recursion.clsx:2:1 [33mÔåÆ[0m f
  2 | function f(n: int) -> int {
    | [90m^[0m
[36m326[0m. En stress-recursion.clsx:2:1 [33mÔåÆ[0m f
  2 | function f(n: int) -> int {
    | [90m^[0m
[36m327[0m. En stress-recursion.clsx:2:1 [33mÔåÆ[0m f
  2 | function f(n: int) -> int {
    | [90m^[0m
[36m328[0m. En stress-recursion.clsx:2:1 [33mÔåÆ[0m f
  2 | function f(n: int) -> int {
    | [90m^[0m
[36m329[0m. En stress-recursion.clsx:2:1 [33mÔåÆ[0m f
  2 | function f(n: int) -> int {
    | [90m^[0m
[36m330[0m. En stress-recursion.clsx:2:1 [33mÔåÆ[0m f
  2 | function f(n: int) -> int {
    | [90m^[0m
[36m331[0m. En stress-recursion.clsx:2:1 [33mÔåÆ[0m f
  2 | function f(n: int) -> int {
    | [90m^[0m
[36m332[0m. En stress-recursion.clsx:2:1 [33mÔåÆ[0m f
  2 | function f(n: int) -> int {
    | [90m^[0m
[36m333[0m. En stress-recursion.clsx:2:1 [33mÔåÆ[0m f
  2 | function f(n: int) -> int {
    | [90m^[0m
[36m334[0m. En stress-recursion.clsx:2:1 [33mÔåÆ[0m f
  2 | function f(n: int) -> int {
    | [90m^[0m
[36m335[0m. En stress-recursion.clsx:2:1 [33mÔåÆ[0m f
  2 | function f(n: int) -> int {
    | [90m^[0m
[36m336[0m. En stress-recursion.clsx:2:1 [33mÔåÆ[0m f
  2 | function f(n: int) -> int {
    | [90m^[0m
[36m337[0m. En stress-recursion.clsx:2:1 [33mÔåÆ[0m f
  2 | function f(n: int) -> int {
    | [90m^[0m
[36m338[0m. En stress-recursion.clsx:2:1 [33mÔåÆ[0m f
  2 | function f(n: int) -> int {
    | [90m^[0m
[36m339[0m. En stress-recursion.clsx:2:1 [33mÔåÆ[0m f
  2 | function f(n: int) -> int {
    | [90m^[0m
[36m340[0m. En stress-recursion.clsx:2:1 [33mÔåÆ[0m f
  2 | function f(n: int) -> int {
    | [90m^[0m
[36m341[0m. En stress-recursion.clsx:2:1 [33mÔåÆ[0m f
  2 | function f(n: int) -> int {
    | [90m^[0m
[36m342[0m. En stress-recursion.clsx:2:1 [33mÔåÆ[0m f
  2 | function f(n: int) -> int {
    | [90m^[0m
[36m343[0m. En stress-recursion.clsx:2:1 [33mÔåÆ[0m f
  2 | function f(n: int) -> int {
    | [90m^[0m
[36m344[0m. En stress-recursion.clsx:2:1 [33mÔåÆ[0m f
  2 | function f(n: int) -> int {
    | [90m^[0m
[36m345[0m. En stress-recursion.clsx:2:1 [33mÔåÆ[0m f
  2 | function f(n: int) -> int {
    | [90m^[0m
[36m346[0m. En stress-recursion.clsx:2:1 [33mÔåÆ[0m f
  2 | function f(n: int) -> int {
    | [90m^[0m
[36m347[0m. En stress-recursion.clsx:2:1 [33mÔåÆ[0m f
  2 | function f(n: int) -> int {
    | [90m^[0m
[36m348[0m. En stress-recursion.clsx:2:1 [33mÔåÆ[0m f
  2 | function f(n: int) -> int {
    | [90m^[0m
[36m349[0m. En stress-recursion.clsx:2:1 [33mÔåÆ[0m f
  2 | function f(n: int) -> int {
    | [90m^[0m
[36m350[0m. En stress-recursion.clsx:2:1 [33mÔåÆ[0m f
  2 | function f(n: int) -> int {
    | [90m^[0m
[36m351[0m. En stress-recursion.clsx:2:1 [33mÔåÆ[0m f
  2 | function f(n: int) -> int {
    | [90m^[0m
[36m352[0m. En stress-recursion.clsx:2:1 [33mÔåÆ[0m f
  2 | function f(n: int) -> int {
    | [90m^[0m
[36m353[0m. En stress-recursion.clsx:2:1 [33mÔåÆ[0m f
  2 | function f(n: int) -> int {
    | [90m^[0m
[36m354[0m. En stress-recursion.clsx:2:1 [33mÔåÆ[0m f
  2 | function f(n: int) -> int {
    | [90m^[0m
[36m355[0m. En stress-recursion.clsx:2:1 [33mÔåÆ[0m f
  2 | function f(n: int) -> int {
    | [90m^[0m
[36m356[0m. En stress-recursion.clsx:2:1 [33mÔåÆ[0m f
  2 | function f(n: int) -> int {
    | [90m^[0m
[36m357[0m. En stress-recursion.clsx:2:1 [33mÔåÆ[0m f
  2 | function f(n: int) -> int {
    | [90m^[0m
[36m358[0m. En stress-recursion.clsx:2:1 [33mÔåÆ[0m f
  2 | function f(n: int) -> int {
    | [90m^[0m
[36m359[0m. En stress-recursion.clsx:2:1 [33mÔåÆ[0m f
  2 | function f(n: int) -> int {
    | [90m^[0m
[36m360[0m. En stress-recursion.clsx:2:1 [33mÔåÆ[0m f
  2 | function f(n: int) -> int {
    | [90m^[0m
[36m361[0m. En stress-recursion.clsx:2:1 [33mÔåÆ[0m f
  2 | function f(n: int) -> int {
    | [90m^[0m
[36m362[0m. En stress-recursion.clsx:2:1 [33mÔåÆ[0m f
  2 | function f(n: int) -> int {
    | [90m^[0m
[36m363[0m. En stress-recursion.clsx:2:1 [33mÔåÆ[0m f
  2 | function f(n: int) -> int {
    | [90m^[0m
[36m364[0m. En stress-recursion.clsx:2:1 [33mÔåÆ[0m f
  2 | function f(n: int) -> int {
    | [90m^[0m
[36m365[0m. En stress-recursion.clsx:2:1 [33mÔåÆ[0m f
  2 | function f(n: int) -> int {
    | [90m^[0m
[36m366[0m. En stress-recursion.clsx:2:1 [33mÔåÆ[0m f
  2 | function f(n: int) -> int {
    | [90m^[0m
[36m367[0m. En stress-recursion.clsx:2:1 [33mÔåÆ[0m f
  2 | function f(n: int) -> int {
    | [90m^[0m
[36m368[0m. En stress-recursion.clsx:2:1 [33mÔåÆ[0m f
  2 | function f(n: int) -> int {
    | [90m^[0m
[36m369[0m. En stress-recursion.clsx:2:1 [33mÔåÆ[0m f
  2 | function f(n: int) -> int {
    | [90m^[0m
[36m370[0m. En stress-recursion.clsx:2:1 [33mÔåÆ[0m f
  2 | function f(n: int) -> int {
    | [90m^[0m
[36m371[0m. En stress-recursion.clsx:2:1 [33mÔåÆ[0m f
  2 | function f(n: int) -> int {
    | [90m^[0m
[36m372[0m. En stress-recursion.clsx:2:1 [33mÔåÆ[0m f
  2 | function f(n: int) -> int {
    | [90m^[0m
[36m373[0m. En stress-recursion.clsx:2:1 [33mÔåÆ[0m f
  2 | function f(n: int) -> int {
    | [90m^[0m
[36m374[0m. En stress-recursion.clsx:2:1 [33mÔåÆ[0m f
  2 | function f(n: int) -> int {
    | [90m^[0m
[36m375[0m. En stress-recursion.clsx:2:1 [33mÔåÆ[0m f
  2 | function f(n: int) -> int {
    | [90m^[0m
[36m376[0m. En stress-recursion.clsx:2:1 [33mÔåÆ[0m f
  2 | function f(n: int) -> int {
    | [90m^[0m
[36m377[0m. En stress-recursion.clsx:2:1 [33mÔåÆ[0m f
  2 | function f(n: int) -> int {
    | [90m^[0m
[36m378[0m. En stress-recursion.clsx:2:1 [33mÔåÆ[0m f
  2 | function f(n: int) -> int {
    | [90m^[0m
[36m379[0m. En stress-recursion.clsx:2:1 [33mÔåÆ[0m f
  2 | function f(n: int) -> int {
    | [90m^[0m
[36m380[0m. En stress-recursion.clsx:2:1 [33mÔåÆ[0m f
  2 | function f(n: int) -> int {
    | [90m^[0m
[36m381[0m. En stress-recursion.clsx:2:1 [33mÔåÆ[0m f
  2 | function f(n: int) -> int {
    | [90m^[0m
[36m382[0m. En stress-recursion.clsx:2:1 [33mÔåÆ[0m f
  2 | function f(n: int) -> int {
    | [90m^[0m
[36m383[0m. En stress-recursion.clsx:2:1 [33mÔåÆ[0m f
  2 | function f(n: int) -> int {
    | [90m^[0m
[36m384[0m. En stress-recursion.clsx:2:1 [33mÔåÆ[0m f
  2 | function f(n: int) -> int {
    | [90m^[0m
[36m385[0m. En stress-recursion.clsx:2:1 [33mÔåÆ[0m f
  2 | function f(n: int) -> int {
    | [90m^[0m
[36m386[0m. En stress-recursion.clsx:2:1 [33mÔåÆ[0m f
  2 | function f(n: int) -> int {
    | [90m^[0m
[36m387[0m. En stress-recursion.clsx:2:1 [33mÔåÆ[0m f
  2 | function f(n: int) -> int {
    | [90m^[0m
[36m388[0m. En stress-recursion.clsx:2:1 [33mÔåÆ[0m f
  2 | function f(n: int) -> int {
    | [90m^[0m
[36m389[0m. En stress-recursion.clsx:2:1 [33mÔåÆ[0m f
  2 | function f(n: int) -> int {
    | [90m^[0m
[36m390[0m. En stress-recursion.clsx:2:1 [33mÔåÆ[0m f
  2 | function f(n: int) -> int {
    | [90m^[0m
[36m391[0m. En stress-recursion.clsx:2:1 [33mÔåÆ[0m f
  2 | function f(n: int) -> int {
    | [90m^[0m
[36m392[0m. En stress-recursion.clsx:2:1 [33mÔåÆ[0m f
  2 | function f(n: int) -> int {
    | [90m^[0m
[36m393[0m. En stress-recursion.clsx:2:1 [33mÔåÆ[0m f
  2 | function f(n: int) -> int {
    | [90m^[0m
[36m394[0m. En stress-recursion.clsx:2:1 [33mÔåÆ[0m f
  2 | function f(n: int) -> int {
    | [90m^[0m
[36m395[0m. En stress-recursion.clsx:2:1 [33mÔåÆ[0m f
  2 | function f(n: int) -> int {
    | [90m^[0m
[36m396[0m. En stress-recursion.clsx:2:1 [33mÔåÆ[0m f
  2 | function f(n: int) -> int {
    | [90m^[0m
[36m397[0m. En stress-recursion.clsx:2:1 [33mÔåÆ[0m f
  2 | function f(n: int) -> int {
    | [90m^[0m
[36m398[0m. En stress-recursion.clsx:2:1 [33mÔåÆ[0m f
  2 | function f(n: int) -> int {
    | [90m^[0m
[36m399[0m. En stress-recursion.clsx:2:1 [33mÔåÆ[0m f
  2 | function f(n: int) -> int {
    | [90m^[0m
[36m400[0m. En stress-recursion.clsx:2:1 [33mÔåÆ[0m f
  2 | function f(n: int) -> int {
    | [90m^[0m
[36m401[0m. En stress-recursion.clsx:2:1 [33mÔåÆ[0m f
  2 | function f(n: int) -> int {
    | [90m^[0m
[36m402[0m. En stress-recursion.clsx:2:1 [33mÔåÆ[0m f
  2 | function f(n: int) -> int {
    | [90m^[0m
[36m403[0m. En stress-recursion.clsx:2:1 [33mÔåÆ[0m f
  2 | function f(n: int) -> int {
    | [90m^[0m
[36m404[0m. En stress-recursion.clsx:2:1 [33mÔåÆ[0m f
  2 | function f(n: int) -> int {
    | [90m^[0m
[36m405[0m. En stress-recursion.clsx:2:1 [33mÔåÆ[0m f
  2 | function f(n: int) -> int {
    | [90m^[0m
[36m406[0m. En stress-recursion.clsx:2:1 [33mÔåÆ[0m f
  2 | function f(n: int) -> int {
    | [90m^[0m
[36m407[0m. En stress-recursion.clsx:2:1 [33mÔåÆ[0m f
  2 | function f(n: int) -> int {
    | [90m^[0m
[36m408[0m. En stress-recursion.clsx:2:1 [33mÔåÆ[0m f
  2 | function f(n: int) -> int {
    | [90m^[0m
[36m409[0m. En stress-recursion.clsx:2:1 [33mÔåÆ[0m f
  2 | function f(n: int) -> int {
    | [90m^[0m
[36m410[0m. En stress-recursion.clsx:2:1 [33mÔåÆ[0m f
  2 | function f(n: int) -> int {
    | [90m^[0m
[36m411[0m. En stress-recursion.clsx:2:1 [33mÔåÆ[0m f
  2 | function f(n: int) -> int {
    | [90m^[0m
[36m412[0m. En stress-recursion.clsx:2:1 [33mÔåÆ[0m f
  2 | function f(n: int) -> int {
    | [90m^[0m
[36m413[0m. En stress-recursion.clsx:2:1 [33mÔåÆ[0m f
  2 | function f(n: int) -> int {
    | [90m^[0m
[36m414[0m. En stress-recursion.clsx:2:1 [33mÔåÆ[0m f
  2 | function f(n: int) -> int {
    | [90m^[0m
[36m415[0m. En stress-recursion.clsx:2:1 [33mÔåÆ[0m f
  2 | function f(n: int) -> int {
    | [90m^[0m
[36m416[0m. En stress-recursion.clsx:2:1 [33mÔåÆ[0m f
  2 | function f(n: int) -> int {
    | [90m^[0m
[36m417[0m. En stress-recursion.clsx:2:1 [33mÔåÆ[0m f
  2 | function f(n: int) -> int {
    | [90m^[0m
[36m418[0m. En stress-recursion.clsx:2:1 [33mÔåÆ[0m f
  2 | function f(n: int) -> int {
    | [90m^[0m
[36m419[0m. En stress-recursion.clsx:2:1 [33mÔåÆ[0m f
  2 | function f(n: int) -> int {
    | [90m^[0m
[36m420[0m. En stress-recursion.clsx:2:1 [33mÔåÆ[0m f
  2 | function f(n: int) -> int {
    | [90m^[0m
[36m421[0m. En stress-recursion.clsx:2:1 [33mÔåÆ[0m f
  2 | function f(n: int) -> int {
    | [90m^[0m
[36m422[0m. En stress-recursion.clsx:2:1 [33mÔåÆ[0m f
  2 | function f(n: int) -> int {
    | [90m^[0m
[36m423[0m. En stress-recursion.clsx:2:1 [33mÔåÆ[0m f
  2 | function f(n: int) -> int {
    | [90m^[0m
[36m424[0m. En stress-recursion.clsx:2:1 [33mÔåÆ[0m f
  2 | function f(n: int) -> int {
    | [90m^[0m
[36m425[0m. En stress-recursion.clsx:2:1 [33mÔåÆ[0m f
  2 | function f(n: int) -> int {
    | [90m^[0m
[36m426[0m. En stress-recursion.clsx:2:1 [33mÔåÆ[0m f
  2 | function f(n: int) -> int {
    | [90m^[0m
[36m427[0m. En stress-recursion.clsx:2:1 [33mÔåÆ[0m f
  2 | function f(n: int) -> int {
    | [90m^[0m
[36m428[0m. En stress-recursion.clsx:2:1 [33mÔåÆ[0m f
  2 | function f(n: int) -> int {
    | [90m^[0m
[36m429[0m. En stress-recursion.clsx:2:1 [33mÔåÆ[0m f
  2 | function f(n: int) -> int {
    | [90m^[0m
[36m430[0m. En stress-recursion.clsx:2:1 [33mÔåÆ[0m f
  2 | function f(n: int) -> int {
    | [90m^[0m
[36m431[0m. En stress-recursion.clsx:2:1 [33mÔåÆ[0m f
  2 | function f(n: int) -> int {
    | [90m^[0m
[36m432[0m. En stress-recursion.clsx:2:1 [33mÔåÆ[0m f
  2 | function f(n: int) -> int {
    | [90m^[0m
[36m433[0m. En stress-recursion.clsx:2:1 [33mÔåÆ[0m f
  2 | function f(n: int) -> int {
    | [90m^[0m
[36m434[0m. En stress-recursion.clsx:2:1 [33mÔåÆ[0m f
  2 | function f(n: int) -> int {
    | [90m^[0m
[36m435[0m. En stress-recursion.clsx:2:1 [33mÔåÆ[0m f
  2 | function f(n: int) -> int {
    | [90m^[0m
[36m436[0m. En stress-recursion.clsx:2:1 [33mÔåÆ[0m f
  2 | function f(n: int) -> int {
    | [90m^[0m
[36m437[0m. En stress-recursion.clsx:2:1 [33mÔåÆ[0m f
  2 | function f(n: int) -> int {
    | [90m^[0m
[36m438[0m. En stress-recursion.clsx:2:1 [33mÔåÆ[0m f
  2 | function f(n: int) -> int {
    | [90m^[0m
[36m439[0m. En stress-recursion.clsx:2:1 [33mÔåÆ[0m f
  2 | function f(n: int) -> int {
    | [90m^[0m
[36m440[0m. En stress-recursion.clsx:2:1 [33mÔåÆ[0m f
  2 | function f(n: int) -> int {
    | [90m^[0m
[36m441[0m. En stress-recursion.clsx:2:1 [33mÔåÆ[0m f
  2 | function f(n: int) -> int {
    | [90m^[0m
[36m442[0m. En stress-recursion.clsx:2:1 [33mÔåÆ[0m f
  2 | function f(n: int) -> int {
    | [90m^[0m
[36m443[0m. En stress-recursion.clsx:2:1 [33mÔåÆ[0m f
  2 | function f(n: int) -> int {
    | [90m^[0m
[36m444[0m. En stress-recursion.clsx:2:1 [33mÔåÆ[0m f
  2 | function f(n: int) -> int {
    | [90m^[0m
[36m445[0m. En stress-recursion.clsx:2:1 [33mÔåÆ[0m f
  2 | function f(n: int) -> int {
    | [90m^[0m
[36m446[0m. En stress-recursion.clsx:2:1 [33mÔåÆ[0m f
  2 | function f(n: int) -> int {
    | [90m^[0m
[36m447[0m. En stress-recursion.clsx:2:1 [33mÔåÆ[0m f
  2 | function f(n: int) -> int {
    | [90m^[0m
[36m448[0m. En stress-recursion.clsx:2:1 [33mÔåÆ[0m f
  2 | function f(n: int) -> int {
    | [90m^[0m
[36m449[0m. En stress-recursion.clsx:2:1 [33mÔåÆ[0m f
  2 | function f(n: int) -> int {
    | [90m^[0m
[36m450[0m. En stress-recursion.clsx:2:1 [33mÔåÆ[0m f
  2 | function f(n: int) -> int {
    | [90m^[0m
[36m451[0m. En stress-recursion.clsx:2:1 [33mÔåÆ[0m f
  2 | function f(n: int) -> int {
    | [90m^[0m
[36m452[0m. En stress-recursion.clsx:2:1 [33mÔåÆ[0m f
  2 | function f(n: int) -> int {
    | [90m^[0m
[36m453[0m. En stress-recursion.clsx:2:1 [33mÔåÆ[0m f
  2 | function f(n: int) -> int {
    | [90m^[0m
[36m454[0m. En stress-recursion.clsx:2:1 [33mÔåÆ[0m f
  2 | function f(n: int) -> int {
    | [90m^[0m
[36m455[0m. En stress-recursion.clsx:2:1 [33mÔåÆ[0m f
  2 | function f(n: int) -> int {
    | [90m^[0m
[36m456[0m. En stress-recursion.clsx:2:1 [33mÔåÆ[0m f
  2 | function f(n: int) -> int {
    | [90m^[0m
[36m457[0m. En stress-recursion.clsx:2:1 [33mÔåÆ[0m f
  2 | function f(n: int) -> int {
    | [90m^[0m
[36m458[0m. En stress-recursion.clsx:2:1 [33mÔåÆ[0m f
  2 | function f(n: int) -> int {
    | [90m^[0m
[36m459[0m. En stress-recursion.clsx:2:1 [33mÔåÆ[0m f
  2 | function f(n: int) -> int {
    | [90m^[0m
[36m460[0m. En stress-recursion.clsx:2:1 [33mÔåÆ[0m f
  2 | function f(n: int) -> int {
    | [90m^[0m
[36m461[0m. En stress-recursion.clsx:2:1 [33mÔåÆ[0m f
  2 | function f(n: int) -> int {
    | [90m^[0m
[36m462[0m. En stress-recursion.clsx:2:1 [33mÔåÆ[0m f
  2 | function f(n: int) -> int {
    | [90m^[0m
[36m463[0m. En stress-recursion.clsx:2:1 [33mÔåÆ[0m f
  2 | function f(n: int) -> int {
    | [90m^[0m
[36m464[0m. En stress-recursion.clsx:2:1 [33mÔåÆ[0m f
  2 | function f(n: int) -> int {
    | [90m^[0m
[36m465[0m. En stress-recursion.clsx:2:1 [33mÔåÆ[0m f
  2 | function f(n: int) -> int {
    | [90m^[0m
[36m466[0m. En stress-recursion.clsx:2:1 [33mÔåÆ[0m f
  2 | function f(n: int) -> int {
    | [90m^[0m
[36m467[0m. En stress-recursion.clsx:2:1 [33mÔåÆ[0m f
  2 | function f(n: int) -> int {
    | [90m^[0m
[36m468[0m. En stress-recursion.clsx:2:1 [33mÔåÆ[0m f
  2 | function f(n: int) -> int {
    | [90m^[0m
[36m469[0m. En stress-recursion.clsx:2:1 [33mÔåÆ[0m f
  2 | function f(n: int) -> int {
    | [90m^[0m
[36m470[0m. En stress-recursion.clsx:2:1 [33mÔåÆ[0m f
  2 | function f(n: int) -> int {
    | [90m^[0m
[36m471[0m. En stress-recursion.clsx:2:1 [33mÔåÆ[0m f
  2 | function f(n: int) -> int {
    | [90m^[0m
[36m472[0m. En stress-recursion.clsx:2:1 [33mÔåÆ[0m f
  2 | function f(n: int) -> int {
    | [90m^[0m
[36m473[0m. En stress-recursion.clsx:2:1 [33mÔåÆ[0m f
  2 | function f(n: int) -> int {
    | [90m^[0m
[36m474[0m. En stress-recursion.clsx:2:1 [33mÔåÆ[0m f
  2 | function f(n: int) -> int {
    | [90m^[0m
[36m475[0m. En stress-recursion.clsx:2:1 [33mÔåÆ[0m f
  2 | function f(n: int) -> int {
    | [90m^[0m
[36m476[0m. En stress-recursion.clsx:2:1 [33mÔåÆ[0m f
  2 | function f(n: int) -> int {
    | [90m^[0m
[36m477[0m. En stress-recursion.clsx:2:1 [33mÔåÆ[0m f
  2 | function f(n: int) -> int {
    | [90m^[0m
[36m478[0m. En stress-recursion.clsx:2:1 [33mÔåÆ[0m f
  2 | function f(n: int) -> int {
    | [90m^[0m
[36m479[0m. En stress-recursion.clsx:2:1 [33mÔåÆ[0m f
  2 | function f(n: int) -> int {
    | [90m^[0m
[36m480[0m. En stress-recursion.clsx:2:1 [33mÔåÆ[0m f
  2 | function f(n: int) -> int {
    | [90m^[0m
[36m481[0m. En stress-recursion.clsx:2:1 [33mÔåÆ[0m f
  2 | function f(n: int) -> int {
    | [90m^[0m
[36m482[0m. En stress-recursion.clsx:2:1 [33mÔåÆ[0m f
  2 | function f(n: int) -> int {
    | [90m^[0m
[36m483[0m. En stress-recursion.clsx:2:1 [33mÔåÆ[0m f
  2 | function f(n: int) -> int {
    | [90m^[0m
[36m484[0m. En stress-recursion.clsx:2:1 [33mÔåÆ[0m f
  2 | function f(n: int) -> int {
    | [90m^[0m
[36m485[0m. En stress-recursion.clsx:2:1 [33mÔåÆ[0m f
  2 | function f(n: int) -> int {
    | [90m^[0m
[36m486[0m. En stress-recursion.clsx:2:1 [33mÔåÆ[0m f
  2 | function f(n: int) -> int {
    | [90m^[0m
[36m487[0m. En stress-recursion.clsx:2:1 [33mÔåÆ[0m f
  2 | function f(n: int) -> int {
    | [90m^[0m
[36m488[0m. En stress-recursion.clsx:2:1 [33mÔåÆ[0m f
  2 | function f(n: int) -> int {
    | [90m^[0m
[36m489[0m. En stress-recursion.clsx:2:1 [33mÔåÆ[0m f
  2 | function f(n: int) -> int {
    | [90m^[0m
[36m490[0m. En stress-recursion.clsx:2:1 [33mÔåÆ[0m f
  2 | function f(n: int) -> int {
    | [90m^[0m
[36m491[0m. En stress-recursion.clsx:2:1 [33mÔåÆ[0m f
  2 | function f(n: int) -> int {
    | [90m^[0m
[36m492[0m. En stress-recursion.clsx:2:1 [33mÔåÆ[0m f
  2 | function f(n: int) -> int {
    | [90m^[0m
[36m493[0m. En stress-recursion.clsx:2:1 [33mÔåÆ[0m f
  2 | function f(n: int) -> int {
    | [90m^[0m
[36m494[0m. En stress-recursion.clsx:2:1 [33mÔåÆ[0m f
  2 | function f(n: int) -> int {
    | [90m^[0m
[36m495[0m. En stress-recursion.clsx:2:1 [33mÔåÆ[0m f
  2 | function f(n: int) -> int {
    | [90m^[0m
[36m496[0m. En stress-recursion.clsx:2:1 [33mÔåÆ[0m f
  2 | function f(n: int) -> int {
    | [90m^[0m
[36m497[0m. En stress-recursion.clsx:2:1 [33mÔåÆ[0m f
  2 | function f(n: int) -> int {
    | [90m^[0m
[36m498[0m. En stress-recursion.clsx:2:1 [33mÔåÆ[0m f
  2 | function f(n: int) -> int {
    | [90m^[0m
[36m499[0m. En stress-recursion.clsx:2:1 [33mÔåÆ[0m f
  2 | function f(n: int) -> int {
    | [90m^[0m
[36m500[0m. En stress-recursion.clsx:2:1 [33mÔåÆ[0m f
  2 | function f(n: int) -> int {
    | [90m^[0m
[36m501[0m. En stress-recursion.clsx:2:1 [33mÔåÆ[0m f
  2 | function f(n: int) -> int {
    | [90m^[0m
[36m502[0m. En stress-recursion.clsx:2:1 [33mÔåÆ[0m f
  2 | function f(n: int) -> int {
    | [90m^[0m
[36m503[0m. En stress-recursion.clsx:2:1 [33mÔåÆ[0m f
  2 | function f(n: int) -> int {
    | [90m^[0m
[36m504[0m. En stress-recursion.clsx:2:1 [33mÔåÆ[0m f
  2 | function f(n: int) -> int {
    | [90m^[0m
[36m505[0m. En stress-recursion.clsx:2:1 [33mÔåÆ[0m f
  2 | function f(n: int) -> int {
    | [90m^[0m
[36m506[0m. En stress-recursion.clsx:2:1 [33mÔåÆ[0m f
  2 | function f(n: int) -> int {
    | [90m^[0m
[36m507[0m. En stress-recursion.clsx:2:1 [33mÔåÆ[0m f
  2 | function f(n: int) -> int {
    | [90m^[0m
[36m508[0m. En stress-recursion.clsx:2:1 [33mÔåÆ[0m f
  2 | function f(n: int) -> int {
    | [90m^[0m
[36m509[0m. En stress-recursion.clsx:2:1 [33mÔåÆ[0m f
  2 | function f(n: int) -> int {
    | [90m^[0m
[36m510[0m. En stress-recursion.clsx:2:1 [33mÔåÆ[0m f
  2 | function f(n: int) -> int {
    | [90m^[0m
[36m511[0m. En stress-recursion.clsx:2:1 [33mÔåÆ[0m f
  2 | function f(n: int) -> int {
    | [90m^[0m
[36m512[0m. En stress-recursion.clsx:2:1 [33mÔåÆ[0m f
  2 | function f(n: int) -> int {
    | [90m^[0m
[36m513[0m. En stress-recursion.clsx:2:1 [33mÔåÆ[0m f
  2 | function f(n: int) -> int {
    | [90m^[0m
[36m514[0m. En stress-recursion.clsx:2:1 [33mÔåÆ[0m f
  2 | function f(n: int) -> int {
    | [90m^[0m
[36m515[0m. En stress-recursion.clsx:2:1 [33mÔåÆ[0m f
  2 | function f(n: int) -> int {
    | [90m^[0m
[36m516[0m. En stress-recursion.clsx:2:1 [33mÔåÆ[0m f
  2 | function f(n: int) -> int {
    | [90m^[0m
[36m517[0m. En stress-recursion.clsx:2:1 [33mÔåÆ[0m f
  2 | function f(n: int) -> int {
    | [90m^[0m
[36m518[0m. En stress-recursion.clsx:2:1 [33mÔåÆ[0m f
  2 | function f(n: int) -> int {
    | [90m^[0m
[36m519[0m. En stress-recursion.clsx:2:1 [33mÔåÆ[0m f
  2 | function f(n: int) -> int {
    | [90m^[0m
[36m520[0m. En stress-recursion.clsx:2:1 [33mÔåÆ[0m f
  2 | function f(n: int) -> int {
    | [90m^[0m
[36m521[0m. En stress-recursion.clsx:2:1 [33mÔåÆ[0m f
  2 | function f(n: int) -> int {
    | [90m^[0m
[36m522[0m. En stress-recursion.clsx:2:1 [33mÔåÆ[0m f
  2 | function f(n: int) -> int {
    | [90m^[0m
[36m523[0m. En stress-recursion.clsx:2:1 [33mÔåÆ[0m f
  2 | function f(n: int) -> int {
    | [90m^[0m
[36m524[0m. En stress-recursion.clsx:2:1 [33mÔåÆ[0m f
  2 | function f(n: int) -> int {
    | [90m^[0m
[36m525[0m. En stress-recursion.clsx:2:1 [33mÔåÆ[0m f
  2 | function f(n: int) -> int {
    | [90m^[0m
[36m526[0m. En stress-recursion.clsx:2:1 [33mÔåÆ[0m f
  2 | function f(n: int) -> int {
    | [90m^[0m
[36m527[0m. En stress-recursion.clsx:2:1 [33mÔåÆ[0m f
  2 | function f(n: int) -> int {
    | [90m^[0m
[36m528[0m. En stress-recursion.clsx:2:1 [33mÔåÆ[0m f
  2 | function f(n: int) -> int {
    | [90m^[0m
[36m529[0m. En stress-recursion.clsx:2:1 [33mÔåÆ[0m f
  2 | function f(n: int) -> int {
    | [90m^[0m
[36m530[0m. En stress-recursion.clsx:2:1 [33mÔåÆ[0m f
  2 | function f(n: int) -> int {
    | [90m^[0m
[36m531[0m. En stress-recursion.clsx:2:1 [33mÔåÆ[0m f
  2 | function f(n: int) -> int {
    | [90m^[0m
[36m532[0m. En stress-recursion.clsx:2:1 [33mÔåÆ[0m f
  2 | function f(n: int) -> int {
    | [90m^[0m
[36m533[0m. En stress-recursion.clsx:2:1 [33mÔåÆ[0m f
  2 | function f(n: int) -> int {
    | [90m^[0m
[36m534[0m. En stress-recursion.clsx:2:1 [33mÔåÆ[0m f
  2 | function f(n: int) -> int {
    | [90m^[0m
[36m535[0m. En stress-recursion.clsx:2:1 [33mÔåÆ[0m f
  2 | function f(n: int) -> int {
    | [90m^[0m
[36m536[0m. En stress-recursion.clsx:2:1 [33mÔåÆ[0m f
  2 | function f(n: int) -> int {
    | [90m^[0m
[36m537[0m. En stress-recursion.clsx:2:1 [33mÔåÆ[0m f
  2 | function f(n: int) -> int {
    | [90m^[0m
[36m538[0m. En stress-recursion.clsx:2:1 [33mÔåÆ[0m f
  2 | function f(n: int) -> int {
    | [90m^[0m
[36m539[0m. En stress-recursion.clsx:2:1 [33mÔåÆ[0m f
  2 | function f(n: int) -> int {
    | [90m^[0m
[36m540[0m. En stress-recursion.clsx:2:1 [33mÔåÆ[0m f
  2 | function f(n: int) -> int {
    | [90m^[0m
[36m541[0m. En stress-recursion.clsx:2:1 [33mÔåÆ[0m f
  2 | function f(n: int) -> int {
    | [90m^[0m
[36m542[0m. En stress-recursion.clsx:2:1 [33mÔåÆ[0m f
  2 | function f(n: int) -> int {
    | [90m^[0m
[36m543[0m. En stress-recursion.clsx:2:1 [33mÔåÆ[0m f
  2 | function f(n: int) -> int {
    | [90m^[0m
[36m544[0m. En stress-recursion.clsx:2:1 [33mÔåÆ[0m f
  2 | function f(n: int) -> int {
    | [90m^[0m
[36m545[0m. En stress-recursion.clsx:2:1 [33mÔåÆ[0m f
  2 | function f(n: int) -> int {
    | [90m^[0m
[36m546[0m. En stress-recursion.clsx:2:1 [33mÔåÆ[0m f
  2 | function f(n: int) -> int {
    | [90m^[0m
[36m547[0m. En stress-recursion.clsx:2:1 [33mÔåÆ[0m f
  2 | function f(n: int) -> int {
    | [90m^[0m
[36m548[0m. En stress-recursion.clsx:2:1 [33mÔåÆ[0m f
  2 | function f(n: int) -> int {
    | [90m^[0m
[36m549[0m. En stress-recursion.clsx:2:1 [33mÔåÆ[0m f
  2 | function f(n: int) -> int {
    | [90m^[0m
[36m550[0m. En stress-recursion.clsx:2:1 [33mÔåÆ[0m f
  2 | function f(n: int) -> int {
    | [90m^[0m
[36m551[0m. En stress-recursion.clsx:2:1 [33mÔåÆ[0m f
  2 | function f(n: int) -> int {
    | [90m^[0m
[36m552[0m. En stress-recursion.clsx:2:1 [33mÔåÆ[0m f
  2 | function f(n: int) -> int {
    | [90m^[0m
[36m553[0m. En stress-recursion.clsx:2:1 [33mÔåÆ[0m f
  2 | function f(n: int) -> int {
    | [90m^[0m
[36m554[0m. En stress-recursion.clsx:2:1 [33mÔåÆ[0m f
  2 | function f(n: int) -> int {
    | [90m^[0m
[36m555[0m. En stress-recursion.clsx:2:1 [33mÔåÆ[0m f
  2 | function f(n: int) -> int {
    | [90m^[0m
[36m556[0m. En stress-recursion.clsx:2:1 [33mÔåÆ[0m f
  2 | function f(n: int) -> int {
    | [90m^[0m
[36m557[0m. En stress-recursion.clsx:2:1 [33mÔåÆ[0m f
  2 | function f(n: int) -> int {
    | [90m^[0m
[36m558[0m. En stress-recursion.clsx:2:1 [33mÔåÆ[0m f
  2 | function f(n: int) -> int {
    | [90m^[0m
[36m559[0m. En stress-recursion.clsx:2:1 [33mÔåÆ[0m f
  2 | function f(n: int) -> int {
    | [90m^[0m
[36m560[0m. En stress-recursion.clsx:2:1 [33mÔåÆ[0m f
  2 | function f(n: int) -> int {
    | [90m^[0m
[36m561[0m. En stress-recursion.clsx:2:1 [33mÔåÆ[0m f
  2 | function f(n: int) -> int {
    | [90m^[0m
[36m562[0m. En stress-recursion.clsx:2:1 [33mÔåÆ[0m f
  2 | function f(n: int) -> int {
    | [90m^[0m
[36m563[0m. En stress-recursion.clsx:2:1 [33mÔåÆ[0m f
  2 | function f(n: int) -> int {
    | [90m^[0m
[36m564[0m. En stress-recursion.clsx:2:1 [33mÔåÆ[0m f
  2 | function f(n: int) -> int {
    | [90m^[0m
[36m565[0m. En stress-recursion.clsx:2:1 [33mÔåÆ[0m f
  2 | function f(n: int) -> int {
    | [90m^[0m
[36m566[0m. En stress-recursion.clsx:2:1 [33mÔåÆ[0m f
  2 | function f(n: int) -> int {
    | [90m^[0m
[36m567[0m. En stress-recursion.clsx:2:1 [33mÔåÆ[0m f
  2 | function f(n: int) -> int {
    | [90m^[0m
[36m568[0m. En stress-recursion.clsx:2:1 [33mÔåÆ[0m f
  2 | function f(n: int) -> int {
    | [90m^[0m
[36m569[0m. En stress-recursion.clsx:2:1 [33mÔåÆ[0m f
  2 | function f(n: int) -> int {
    | [90m^[0m
[36m570[0m. En stress-recursion.clsx:2:1 [33mÔåÆ[0m f
  2 | function f(n: int) -> int {
    | [90m^[0m
[36m571[0m. En stress-recursion.clsx:2:1 [33mÔåÆ[0m f
  2 | function f(n: int) -> int {
    | [90m^[0m
[36m572[0m. En stress-recursion.clsx:2:1 [33mÔåÆ[0m f
  2 | function f(n: int) -> int {
    | [90m^[0m
[36m573[0m. En stress-recursion.clsx:2:1 [33mÔåÆ[0m f
  2 | function f(n: int) -> int {
    | [90m^[0m
[36m574[0m. En stress-recursion.clsx:2:1 [33mÔåÆ[0m f
  2 | function f(n: int) -> int {
    | [90m^[0m
[36m575[0m. En stress-recursion.clsx:2:1 [33mÔåÆ[0m f
  2 | function f(n: int) -> int {
    | [90m^[0m
[36m576[0m. En stress-recursion.clsx:2:1 [33mÔåÆ[0m f
  2 | function f(n: int) -> int {
    | [90m^[0m
[36m577[0m. En stress-recursion.clsx:2:1 [33mÔåÆ[0m f
  2 | function f(n: int) -> int {
    | [90m^[0m
[36m578[0m. En stress-recursion.clsx:2:1 [33mÔåÆ[0m f
  2 | function f(n: int) -> int {
    | [90m^[0m
[36m579[0m. En stress-recursion.clsx:2:1 [33mÔåÆ[0m f
  2 | function f(n: int) -> int {
    | [90m^[0m
[36m580[0m. En stress-recursion.clsx:2:1 [33mÔåÆ[0m f
  2 | function f(n: int) -> int {
    | [90m^[0m
[36m581[0m. En stress-recursion.clsx:2:1 [33mÔåÆ[0m f
  2 | function f(n: int) -> int {
    | [90m^[0m
[36m582[0m. En stress-recursion.clsx:2:1 [33mÔåÆ[0m f
  2 | function f(n: int) -> int {
    | [90m^[0m
[36m583[0m. En stress-recursion.clsx:2:1 [33mÔåÆ[0m f
  2 | function f(n: int) -> int {
    | [90m^[0m
[36m584[0m. En stress-recursion.clsx:2:1 [33mÔåÆ[0m f
  2 | function f(n: int) -> int {
    | [90m^[0m
[36m585[0m. En stress-recursion.clsx:2:1 [33mÔåÆ[0m f
  2 | function f(n: int) -> int {
    | [90m^[0m
[36m586[0m. En stress-recursion.clsx:2:1 [33mÔåÆ[0m f
  2 | function f(n: int) -> int {
    | [90m^[0m
[36m587[0m. En stress-recursion.clsx:2:1 [33mÔåÆ[0m f
  2 | function f(n: int) -> int {
    | [90m^[0m
[36m588[0m. En stress-recursion.clsx:2:1 [33mÔåÆ[0m f
  2 | function f(n: int) -> int {
    | [90m^[0m
[36m589[0m. En stress-recursion.clsx:2:1 [33mÔåÆ[0m f
  2 | function f(n: int) -> int {
    | [90m^[0m
[36m590[0m. En stress-recursion.clsx:2:1 [33mÔåÆ[0m f
  2 | function f(n: int) -> int {
    | [90m^[0m
[36m591[0m. En stress-recursion.clsx:2:1 [33mÔåÆ[0m f
  2 | function f(n: int) -> int {
    | [90m^[0m
[36m592[0m. En stress-recursion.clsx:2:1 [33mÔåÆ[0m f
  2 | function f(n: int) -> int {
    | [90m^[0m
[36m593[0m. En stress-recursion.clsx:2:1 [33mÔåÆ[0m f
  2 | function f(n: int) -> int {
    | [90m^[0m
[36m594[0m. En stress-recursion.clsx:2:1 [33mÔåÆ[0m f
  2 | function f(n: int) -> int {
    | [90m^[0m
[36m595[0m. En stress-recursion.clsx:2:1 [33mÔåÆ[0m f
  2 | function f(n: int) -> int {
    | [90m^[0m
[36m596[0m. En stress-recursion.clsx:2:1 [33mÔåÆ[0m f
  2 | function f(n: int) -> int {
    | [90m^[0m
[36m597[0m. En stress-recursion.clsx:2:1 [33mÔåÆ[0m f
  2 | function f(n: int) -> int {
    | [90m^[0m
[36m598[0m. En stress-recursion.clsx:2:1 [33mÔåÆ[0m f
  2 | function f(n: int) -> int {
    | [90m^[0m
[36m599[0m. En stress-recursion.clsx:2:1 [33mÔåÆ[0m f
  2 | function f(n: int) -> int {
    | [90m^[0m
[36m600[0m. En stress-recursion.clsx:2:1 [33mÔåÆ[0m f
  2 | function f(n: int) -> int {
    | [90m^[0m
[36m601[0m. En stress-recursion.clsx:2:1 [33mÔåÆ[0m f
  2 | function f(n: int) -> int {
    | [90m^[0m
[36m602[0m. En stress-recursion.clsx:2:1 [33mÔåÆ[0m f
  2 | function f(n: int) -> int {
    | [90m^[0m
[36m603[0m. En stress-recursion.clsx:2:1 [33mÔåÆ[0m f
  2 | function f(n: int) -> int {
    | [90m^[0m
[36m604[0m. En stress-recursion.clsx:2:1 [33mÔåÆ[0m f
  2 | function f(n: int) -> int {
    | [90m^[0m
[36m605[0m. En stress-recursion.clsx:2:1 [33mÔåÆ[0m f
  2 | function f(n: int) -> int {
    | [90m^[0m
[36m606[0m. En stress-recursion.clsx:2:1 [33mÔåÆ[0m f
  2 | function f(n: int) -> int {
    | [90m^[0m
[36m607[0m. En stress-recursion.clsx:2:1 [33mÔåÆ[0m f
  2 | function f(n: int) -> int {
    | [90m^[0m
[36m608[0m. En stress-recursion.clsx:2:1 [33mÔåÆ[0m f
  2 | function f(n: int) -> int {
    | [90m^[0m
[36m609[0m. En stress-recursion.clsx:2:1 [33mÔåÆ[0m f
  2 | function f(n: int) -> int {
    | [90m^[0m
[36m610[0m. En stress-recursion.clsx:2:1 [33mÔåÆ[0m f
  2 | function f(n: int) -> int {
    | [90m^[0m
[36m611[0m. En stress-recursion.clsx:2:1 [33mÔåÆ[0m f
  2 | function f(n: int) -> int {
    | [90m^[0m
[36m612[0m. En stress-recursion.clsx:2:1 [33mÔåÆ[0m f
  2 | function f(n: int) -> int {
    | [90m^[0m
[36m613[0m. En stress-recursion.clsx:2:1 [33mÔåÆ[0m f
  2 | function f(n: int) -> int {
    | [90m^[0m
[36m614[0m. En stress-recursion.clsx:2:1 [33mÔåÆ[0m f
  2 | function f(n: int) -> int {
    | [90m^[0m
[36m615[0m. En stress-recursion.clsx:2:1 [33mÔåÆ[0m f
  2 | function f(n: int) -> int {
    | [90m^[0m
[36m616[0m. En stress-recursion.clsx:2:1 [33mÔåÆ[0m f
  2 | function f(n: int) -> int {
    | [90m^[0m
[36m617[0m. En stress-recursion.clsx:2:1 [33mÔåÆ[0m f
  2 | function f(n: int) -> int {
    | [90m^[0m
[36m618[0m. En stress-recursion.clsx:2:1 [33mÔåÆ[0m f
  2 | function f(n: int) -> int {
    | [90m^[0m
[36m619[0m. En stress-recursion.clsx:2:1 [33mÔåÆ[0m f
  2 | function f(n: int) -> int {
    | [90m^[0m
[36m620[0m. En stress-recursion.clsx:2:1 [33mÔåÆ[0m f
  2 | function f(n: int) -> int {
    | [90m^[0m
[36m621[0m. En stress-recursion.clsx:2:1 [33mÔåÆ[0m f
  2 | function f(n: int) -> int {
    | [90m^[0m
[36m622[0m. En stress-recursion.clsx:2:1 [33mÔåÆ[0m f
  2 | function f(n: int) -> int {
    | [90m^[0m
[36m623[0m. En stress-recursion.clsx:2:1 [33mÔåÆ[0m f
  2 | function f(n: int) -> int {
    | [90m^[0m
[36m624[0m. En stress-recursion.clsx:2:1 [33mÔåÆ[0m f
  2 | function f(n: int) -> int {
    | [90m^[0m
[36m625[0m. En stress-recursion.clsx:2:1 [33mÔåÆ[0m f
  2 | function f(n: int) -> int {
    | [90m^[0m
[36m626[0m. En stress-recursion.clsx:2:1 [33mÔåÆ[0m f
  2 | function f(n: int) -> int {
    | [90m^[0m
[36m627[0m. En stress-recursion.clsx:2:1 [33mÔåÆ[0m f
  2 | function f(n: int) -> int {
    | [90m^[0m
[36m628[0m. En stress-recursion.clsx:2:1 [33mÔåÆ[0m f
  2 | function f(n: int) -> int {
    | [90m^[0m
[36m629[0m. En stress-recursion.clsx:2:1 [33mÔåÆ[0m f
  2 | function f(n: int) -> int {
    | [90m^[0m
[36m630[0m. En stress-recursion.clsx:2:1 [33mÔåÆ[0m f
  2 | function f(n: int) -> int {
    | [90m^[0m
[36m631[0m. En stress-recursion.clsx:2:1 [33mÔåÆ[0m f
  2 | function f(n: int) -> int {
    | [90m^[0m
[36m632[0m. En stress-recursion.clsx:2:1 [33mÔåÆ[0m f
  2 | function f(n: int) -> int {
    | [90m^[0m
[36m633[0m. En stress-recursion.clsx:2:1 [33mÔåÆ[0m f
  2 | function f(n: int) -> int {
    | [90m^[0m
[36m634[0m. En stress-recursion.clsx:2:1 [33mÔåÆ[0m f
  2 | function f(n: int) -> int {
    | [90m^[0m
[36m635[0m. En stress-recursion.clsx:2:1 [33mÔåÆ[0m f
  2 | function f(n: int) -> int {
    | [90m^[0m
[36m636[0m. En stress-recursion.clsx:2:1 [33mÔåÆ[0m f
  2 | function f(n: int) -> int {
    | [90m^[0m
[36m637[0m. En stress-recursion.clsx:2:1 [33mÔåÆ[0m f
  2 | function f(n: int) -> int {
    | [90m^[0m
[36m638[0m. En stress-recursion.clsx:2:1 [33mÔåÆ[0m f
  2 | function f(n: int) -> int {
    | [90m^[0m
[36m639[0m. En stress-recursion.clsx:2:1 [33mÔåÆ[0m f
  2 | function f(n: int) -> int {
    | [90m^[0m
[36m640[0m. En stress-recursion.clsx:2:1 [33mÔåÆ[0m f
  2 | function f(n: int) -> int {
    | [90m^[0m
[36m641[0m. En stress-recursion.clsx:2:1 [33mÔåÆ[0m f
  2 | function f(n: int) -> int {
    | [90m^[0m
[36m642[0m. En stress-recursion.clsx:2:1 [33mÔåÆ[0m f
  2 | function f(n: int) -> int {
    | [90m^[0m
[36m643[0m. En stress-recursion.clsx:2:1 [33mÔåÆ[0m f
  2 | function f(n: int) -> int {
    | [90m^[0m
[36m644[0m. En stress-recursion.clsx:2:1 [33mÔåÆ[0m f
  2 | function f(n: int) -> int {
    | [90m^[0m
[36m645[0m. En stress-recursion.clsx:2:1 [33mÔåÆ[0m f
  2 | function f(n: int) -> int {
    | [90m^[0m
[36m646[0m. En stress-recursion.clsx:2:1 [33mÔåÆ[0m f
  2 | function f(n: int) -> int {
    | [90m^[0m
[36m647[0m. En stress-recursion.clsx:2:1 [33mÔåÆ[0m f
  2 | function f(n: int) -> int {
    | [90m^[0m
[36m648[0m. En stress-recursion.clsx:2:1 [33mÔåÆ[0m f
  2 | function f(n: int) -> int {
    | [90m^[0m
[36m649[0m. En stress-recursion.clsx:2:1 [33mÔåÆ[0m f
  2 | function f(n: int) -> int {
    | [90m^[0m
[36m650[0m. En stress-recursion.clsx:2:1 [33mÔåÆ[0m f
  2 | function f(n: int) -> int {
    | [90m^[0m
[36m651[0m. En stress-recursion.clsx:2:1 [33mÔåÆ[0m f
  2 | function f(n: int) -> int {
    | [90m^[0m
[36m652[0m. En stress-recursion.clsx:2:1 [33mÔåÆ[0m f
  2 | function f(n: int) -> int {
    | [90m^[0m
[36m653[0m. En stress-recursion.clsx:2:1 [33mÔåÆ[0m f
  2 | function f(n: int) -> int {
    | [90m^[0m
[36m654[0m. En stress-recursion.clsx:2:1 [33mÔåÆ[0m f
  2 | function f(n: int) -> int {
    | [90m^[0m
[36m655[0m. En stress-recursion.clsx:2:1 [33mÔåÆ[0m f
  2 | function f(n: int) -> int {
    | [90m^[0m
[36m656[0m. En stress-recursion.clsx:2:1 [33mÔåÆ[0m f
  2 | function f(n: int) -> int {
    | [90m^[0m
[36m657[0m. En stress-recursion.clsx:2:1 [33mÔåÆ[0m f
  2 | function f(n: int) -> int {
    | [90m^[0m
[36m658[0m. En stress-recursion.clsx:2:1 [33mÔåÆ[0m f
  2 | function f(n: int) -> int {
    | [90m^[0m
[36m659[0m. En stress-recursion.clsx:2:1 [33mÔåÆ[0m f
  2 | function f(n: int) -> int {
    | [90m^[0m
[36m660[0m. En stress-recursion.clsx:2:1 [33mÔåÆ[0m f
  2 | function f(n: int) -> int {
    | [90m^[0m
[36m661[0m. En stress-recursion.clsx:2:1 [33mÔåÆ[0m f
  2 | function f(n: int) -> int {
    | [90m^[0m
[36m662[0m. En stress-recursion.clsx:2:1 [33mÔåÆ[0m f
  2 | function f(n: int) -> int {
    | [90m^[0m
[36m663[0m. En stress-recursion.clsx:2:1 [33mÔåÆ[0m f
  2 | function f(n: int) -> int {
    | [90m^[0m
[36m664[0m. En stress-recursion.clsx:2:1 [33mÔåÆ[0m f
  2 | function f(n: int) -> int {
    | [90m^[0m
[36m665[0m. En stress-recursion.clsx:2:1 [33mÔåÆ[0m f
  2 | function f(n: int) -> int {
    | [90m^[0m
[36m666[0m. En stress-recursion.clsx:2:1 [33mÔåÆ[0m f
  2 | function f(n: int) -> int {
    | [90m^[0m
[36m667[0m. En stress-recursion.clsx:2:1 [33mÔåÆ[0m f
  2 | function f(n: int) -> int {
    | [90m^[0m
[36m668[0m. En stress-recursion.clsx:2:1 [33mÔåÆ[0m f
  2 | function f(n: int) -> int {
    | [90m^[0m
[36m669[0m. En stress-recursion.clsx:2:1 [33mÔåÆ[0m f
  2 | function f(n: int) -> int {
    | [90m^[0m
[36m670[0m. En stress-recursion.clsx:2:1 [33mÔåÆ[0m f
  2 | function f(n: int) -> int {
    | [90m^[0m
[36m671[0m. En stress-recursion.clsx:2:1 [33mÔåÆ[0m f
  2 | function f(n: int) -> int {
    | [90m^[0m
[36m672[0m. En stress-recursion.clsx:2:1 [33mÔåÆ[0m f
  2 | function f(n: int) -> int {
    | [90m^[0m
[36m673[0m. En stress-recursion.clsx:2:1 [33mÔåÆ[0m f
  2 | function f(n: int) -> int {
    | [90m^[0m
[36m674[0m. En stress-recursion.clsx:2:1 [33mÔåÆ[0m f
  2 | function f(n: int) -> int {
    | [90m^[0m
[36m675[0m. En stress-recursion.clsx:2:1 [33mÔåÆ[0m f
  2 | function f(n: int) -> int {
    | [90m^[0m
[36m676[0m. En stress-recursion.clsx:2:1 [33mÔåÆ[0m f
  2 | function f(n: int) -> int {
    | [90m^[0m
[36m677[0m. En stress-recursion.clsx:2:1 [33mÔåÆ[0m f
  2 | function f(n: int) -> int {
    | [90m^[0m
[36m678[0m. En stress-recursion.clsx:2:1 [33mÔåÆ[0m f
  2 | function f(n: int) -> int {
    | [90m^[0m
[36m679[0m. En stress-recursion.clsx:2:1 [33mÔåÆ[0m f
  2 | function f(n: int) -> int {
    | [90m^[0m
[36m680[0m. En stress-recursion.clsx:2:1 [33mÔåÆ[0m f
  2 | function f(n: int) -> int {
    | [90m^[0m
[36m681[0m. En stress-recursion.clsx:2:1 [33mÔåÆ[0m f
  2 | function f(n: int) -> int {
    | [90m^[0m
[36m682[0m. En stress-recursion.clsx:2:1 [33mÔåÆ[0m f
  2 | function f(n: int) -> int {
    | [90m^[0m
[36m683[0m. En stress-recursion.clsx:2:1 [33mÔåÆ[0m f
  2 | function f(n: int) -> int {
    | [90m^[0m
[36m684[0m. En stress-recursion.clsx:2:1 [33mÔåÆ[0m f
  2 | function f(n: int) -> int {
    | [90m^[0m
[36m685[0m. En stress-recursion.clsx:2:1 [33mÔåÆ[0m f
  2 | function f(n: int) -> int {
    | [90m^[0m
[36m686[0m. En stress-recursion.clsx:2:1 [33mÔåÆ[0m f
  2 | function f(n: int) -> int {
    | [90m^[0m
[36m687[0m. En stress-recursion.clsx:2:1 [33mÔåÆ[0m f
  2 | function f(n: int) -> int {
    | [90m^[0m
[36m688[0m. En stress-recursion.clsx:2:1 [33mÔåÆ[0m f
  2 | function f(n: int) -> int {
    | [90m^[0m
[36m689[0m. En stress-recursion.clsx:2:1 [33mÔåÆ[0m f
  2 | function f(n: int) -> int {
    | [90m^[0m
[36m690[0m. En stress-recursion.clsx:2:1 [33mÔåÆ[0m f
  2 | function f(n: int) -> int {
    | [90m^[0m
[36m691[0m. En stress-recursion.clsx:2:1 [33mÔåÆ[0m f
  2 | function f(n: int) -> int {
    | [90m^[0m
[36m692[0m. En stress-recursion.clsx:2:1 [33mÔåÆ[0m f
  2 | function f(n: int) -> int {
    | [90m^[0m
[36m693[0m. En stress-recursion.clsx:2:1 [33mÔåÆ[0m f
  2 | function f(n: int) -> int {
    | [90m^[0m
[36m694[0m. En stress-recursion.clsx:2:1 [33mÔåÆ[0m f
  2 | function f(n: int) -> int {
    | [90m^[0m
[36m695[0m. En stress-recursion.clsx:2:1 [33mÔåÆ[0m f
  2 | function f(n: int) -> int {
    | [90m^[0m
[36m696[0m. En stress-recursion.clsx:2:1 [33mÔåÆ[0m f
  2 | function f(n: int) -> int {
    | [90m^[0m
[36m697[0m. En stress-recursion.clsx:2:1 [33mÔåÆ[0m f
  2 | function f(n: int) -> int {
    | [90m^[0m
[36m698[0m. En stress-recursion.clsx:2:1 [33mÔåÆ[0m f
  2 | function f(n: int) -> int {
    | [90m^[0m
[36m699[0m. En stress-recursion.clsx:2:1 [33mÔåÆ[0m f
  2 | function f(n: int) -> int {
    | [90m^[0m
[36m700[0m. En stress-recursion.clsx:2:1 [33mÔåÆ[0m f
  2 | function f(n: int) -> int {
    | [90m^[0m
[36m701[0m. En stress-recursion.clsx:2:1 [33mÔåÆ[0m f
  2 | function f(n: int) -> int {
    | [90m^[0m
[36m702[0m. En stress-recursion.clsx:2:1 [33mÔåÆ[0m f
  2 | function f(n: int) -> int {
    | [90m^[0m
[36m703[0m. En stress-recursion.clsx:2:1 [33mÔåÆ[0m f
  2 | function f(n: int) -> int {
    | [90m^[0m
[36m704[0m. En stress-recursion.clsx:2:1 [33mÔåÆ[0m f
  2 | function f(n: int) -> int {
    | [90m^[0m
[36m705[0m. En stress-recursion.clsx:2:1 [33mÔåÆ[0m f
  2 | function f(n: int) -> int {
    | [90m^[0m
[36m706[0m. En stress-recursion.clsx:2:1 [33mÔåÆ[0m f
  2 | function f(n: int) -> int {
    | [90m^[0m
[36m707[0m. En stress-recursion.clsx:2:1 [33mÔåÆ[0m f
  2 | function f(n: int) -> int {
    | [90m^[0m
[36m708[0m. En stress-recursion.clsx:2:1 [33mÔåÆ[0m f
  2 | function f(n: int) -> int {
    | [90m^[0m
[36m709[0m. En stress-recursion.clsx:2:1 [33mÔåÆ[0m f
  2 | function f(n: int) -> int {
    | [90m^[0m
[36m710[0m. En stress-recursion.clsx:2:1 [33mÔåÆ[0m f
  2 | function f(n: int) -> int {
    | [90m^[0m
[36m711[0m. En stress-recursion.clsx:2:1 [33mÔåÆ[0m f
  2 | function f(n: int) -> int {
    | [90m^[0m
[36m712[0m. En stress-recursion.clsx:2:1 [33mÔåÆ[0m f
  2 | function f(n: int) -> int {
    | [90m^[0m
[36m713[0m. En stress-recursion.clsx:2:1 [33mÔåÆ[0m f
  2 | function f(n: int) -> int {
    | [90m^[0m
[36m714[0m. En stress-recursion.clsx:2:1 [33mÔåÆ[0m f
  2 | function f(n: int) -> int {
    | [90m^[0m
[36m715[0m. En stress-recursion.clsx:2:1 [33mÔåÆ[0m f
  2 | function f(n: int) -> int {
    | [90m^[0m
[36m716[0m. En stress-recursion.clsx:2:1 [33mÔåÆ[0m f
  2 | function f(n: int) -> int {
    | [90m^[0m
[36m717[0m. En stress-recursion.clsx:2:1 [33mÔåÆ[0m f
  2 | function f(n: int) -> int {
    | [90m^[0m
[36m718[0m. En stress-recursion.clsx:2:1 [33mÔåÆ[0m f
  2 | function f(n: int) -> int {
    | [90m^[0m
[36m719[0m. En stress-recursion.clsx:2:1 [33mÔåÆ[0m f
  2 | function f(n: int) -> int {
    | [90m^[0m
[36m720[0m. En stress-recursion.clsx:2:1 [33mÔåÆ[0m f
  2 | function f(n: int) -> int {
    | [90m^[0m
[36m721[0m. En stress-recursion.clsx:2:1 [33mÔåÆ[0m f
  2 | function f(n: int) -> int {
    | [90m^[0m
[36m722[0m. En stress-recursion.clsx:2:1 [33mÔåÆ[0m f
  2 | function f(n: int) -> int {
    | [90m^[0m
[36m723[0m. En stress-recursion.clsx:2:1 [33mÔåÆ[0m f
  2 | function f(n: int) -> int {
    | [90m^[0m
[36m724[0m. En stress-recursion.clsx:2:1 [33mÔåÆ[0m f
  2 | function f(n: int) -> int {
    | [90m^[0m
[36m725[0m. En stress-recursion.clsx:2:1 [33mÔåÆ[0m f
  2 | function f(n: int) -> int {
    | [90m^[0m
[36m726[0m. En stress-recursion.clsx:2:1 [33mÔåÆ[0m f
  2 | function f(n: int) -> int {
    | [90m^[0m
[36m727[0m. En stress-recursion.clsx:2:1 [33mÔåÆ[0m f
  2 | function f(n: int) -> int {
    | [90m^[0m
[36m728[0m. En stress-recursion.clsx:2:1 [33mÔåÆ[0m f
  2 | function f(n: int) -> int {
    | [90m^[0m
[36m729[0m. En stress-recursion.clsx:2:1 [33mÔåÆ[0m f
  2 | function f(n: int) -> int {
    | [90m^[0m
[36m730[0m. En stress-recursion.clsx:2:1 [33mÔåÆ[0m f
  2 | function f(n: int) -> int {
    | [90m^[0m
[36m731[0m. En stress-recursion.clsx:2:1 [33mÔåÆ[0m f
  2 | function f(n: int) -> int {
    | [90m^[0m
[36m732[0m. En stress-recursion.clsx:2:1 [33mÔåÆ[0m f
  2 | function f(n: int) -> int {
    | [90m^[0m
[36m733[0m. En stress-recursion.clsx:2:1 [33mÔåÆ[0m f
  2 | function f(n: int) -> int {
    | [90m^[0m
[36m734[0m. En stress-recursion.clsx:2:1 [33mÔåÆ[0m f
  2 | function f(n: int) -> int {
    | [90m^[0m
[36m735[0m. En stress-recursion.clsx:2:1 [33mÔåÆ[0m f
  2 | function f(n: int) -> int {
    | [90m^[0m
[36m736[0m. En stress-recursion.clsx:2:1 [33mÔåÆ[0m f
  2 | function f(n: int) -> int {
    | [90m^[0m
[36m737[0m. En stress-recursion.clsx:2:1 [33mÔåÆ[0m f
  2 | function f(n: int) -> int {
    | [90m^[0m
[36m738[0m. En stress-recursion.clsx:2:1 [33mÔåÆ[0m f
  2 | function f(n: int) -> int {
    | [90m^[0m
[36m739[0m. En stress-recursion.clsx:2:1 [33mÔåÆ[0m f
  2 | function f(n: int) -> int {
    | [90m^[0m
[36m740[0m. En stress-recursion.clsx:2:1 [33mÔåÆ[0m f
  2 | function f(n: int) -> int {
    | [90m^[0m
[36m741[0m. En stress-recursion.clsx:2:1 [33mÔåÆ[0m f
  2 | function f(n: int) -> int {
    | [90m^[0m
[36m742[0m. En stress-recursion.clsx:2:1 [33mÔåÆ[0m f
  2 | function f(n: int) -> int {
    | [90m^[0m
[36m743[0m. En stress-recursion.clsx:2:1 [33mÔåÆ[0m f
  2 | function f(n: int) -> int {
    | [90m^[0m
[36m744[0m. En stress-recursion.clsx:2:1 [33mÔåÆ[0m f
  2 | function f(n: int) -> int {
    | [90m^[0m
[36m745[0m. En stress-recursion.clsx:2:1 [33mÔåÆ[0m f
  2 | function f(n: int) -> int {
    | [90m^[0m
[36m746[0m. En stress-recursion.clsx:2:1 [33mÔåÆ[0m f
  2 | function f(n: int) -> int {
    | [90m^[0m
[36m747[0m. En stress-recursion.clsx:2:1 [33mÔåÆ[0m f
  2 | function f(n: int) -> int {
    | [90m^[0m
[36m748[0m. En stress-recursion.clsx:2:1 [33mÔåÆ[0m f
  2 | function f(n: int) -> int {
    | [90m^[0m
[36m749[0m. En stress-recursion.clsx:2:1 [33mÔåÆ[0m f
  2 | function f(n: int) -> int {
    | [90m^[0m
[36m750[0m. En stress-recursion.clsx:2:1 [33mÔåÆ[0m f
  2 | function f(n: int) -> int {
    | [90m^[0m
[36m751[0m. En stress-recursion.clsx:2:1 [33mÔåÆ[0m f
  2 | function f(n: int) -> int {
    | [90m^[0m
[36m752[0m. En stress-recursion.clsx:2:1 [33mÔåÆ[0m f
  2 | function f(n: int) -> int {
    | [90m^[0m
[36m753[0m. En stress-recursion.clsx:2:1 [33mÔåÆ[0m f
  2 | function f(n: int) -> int {
    | [90m^[0m
[36m754[0m. En stress-recursion.clsx:2:1 [33mÔåÆ[0m f
  2 | function f(n: int) -> int {
    | [90m^[0m
[36m755[0m. En stress-recursion.clsx:2:1 [33mÔåÆ[0m f
  2 | function f(n: int) -> int {
    | [90m^[0m
[36m756[0m. En stress-recursion.clsx:2:1 [33mÔåÆ[0m f
  2 | function f(n: int) -> int {
    | [90m^[0m
[36m757[0m. En stress-recursion.clsx:2:1 [33mÔåÆ[0m f
  2 | function f(n: int) -> int {
    | [90m^[0m
[36m758[0m. En stress-recursion.clsx:2:1 [33mÔåÆ[0m f
  2 | function f(n: int) -> int {
    | [90m^[0m
[36m759[0m. En stress-recursion.clsx:2:1 [33mÔåÆ[0m f
  2 | function f(n: int) -> int {
    | [90m^[0m
[36m760[0m. En stress-recursion.clsx:2:1 [33mÔåÆ[0m f
  2 | function f(n: int) -> int {
    | [90m^[0m
[36m761[0m. En stress-recursion.clsx:2:1 [33mÔåÆ[0m f
  2 | function f(n: int) -> int {
    | [90m^[0m
[36m762[0m. En stress-recursion.clsx:2:1 [33mÔåÆ[0m f
  2 | function f(n: int) -> int {
    | [90m^[0m
[36m763[0m. En stress-recursion.clsx:2:1 [33mÔåÆ[0m f
  2 | function f(n: int) -> int {
    | [90m^[0m
[36m764[0m. En stress-recursion.clsx:2:1 [33mÔåÆ[0m f
  2 | function f(n: int) -> int {
    | [90m^[0m
[36m765[0m. En stress-recursion.clsx:2:1 [33mÔåÆ[0m f
  2 | function f(n: int) -> int {
    | [90m^[0m
[36m766[0m. En stress-recursion.clsx:2:1 [33mÔåÆ[0m f
  2 | function f(n: int) -> int {
    | [90m^[0m
[36m767[0m. En stress-recursion.clsx:2:1 [33mÔåÆ[0m f
  2 | function f(n: int) -> int {
    | [90m^[0m
[36m768[0m. En stress-recursion.clsx:2:1 [33mÔåÆ[0m f
  2 | function f(n: int) -> int {
    | [90m^[0m
[36m769[0m. En stress-recursion.clsx:2:1 [33mÔåÆ[0m f
  2 | function f(n: int) -> int {
    | [90m^[0m
[36m770[0m. En stress-recursion.clsx:2:1 [33mÔåÆ[0m f
  2 | function f(n: int) -> int {
    | [90m^[0m
[36m771[0m. En stress-recursion.clsx:2:1 [33mÔåÆ[0m f
  2 | function f(n: int) -> int {
    | [90m^[0m
[36m772[0m. En stress-recursion.clsx:2:1 [33mÔåÆ[0m f
  2 | function f(n: int) -> int {
    | [90m^[0m
[36m773[0m. En stress-recursion.clsx:2:1 [33mÔåÆ[0m f
  2 | function f(n: int) -> int {
    | [90m^[0m
[36m774[0m. En stress-recursion.clsx:2:1 [33mÔåÆ[0m f
  2 | function f(n: int) -> int {
    | [90m^[0m
[36m775[0m. En stress-recursion.clsx:2:1 [33mÔåÆ[0m f
  2 | function f(n: int) -> int {
    | [90m^[0m
[36m776[0m. En stress-recursion.clsx:2:1 [33mÔåÆ[0m f
  2 | function f(n: int) -> int {
    | [90m^[0m
[36m777[0m. En stress-recursion.clsx:2:1 [33mÔåÆ[0m f
  2 | function f(n: int) -> int {
    | [90m^[0m
[36m778[0m. En stress-recursion.clsx:2:1 [33mÔåÆ[0m f
  2 | function f(n: int) -> int {
    | [90m^[0m
[36m779[0m. En stress-recursion.clsx:2:1 [33mÔåÆ[0m f
  2 | function f(n: int) -> int {
    | [90m^[0m
[36m780[0m. En stress-recursion.clsx:2:1 [33mÔåÆ[0m f
  2 | function f(n: int) -> int {
    | [90m^[0m
[36m781[0m. En stress-recursion.clsx:2:1 [33mÔåÆ[0m f
  2 | function f(n: int) -> int {
    | [90m^[0m
[36m782[0m. En stress-recursion.clsx:2:1 [33mÔåÆ[0m f
  2 | function f(n: int) -> int {
    | [90m^[0m
[36m783[0m. En stress-recursion.clsx:2:1 [33mÔåÆ[0m f
  2 | function f(n: int) -> int {
    | [90m^[0m
[36m784[0m. En stress-recursion.clsx:2:1 [33mÔåÆ[0m f
  2 | function f(n: int) -> int {
    | [90m^[0m
[36m785[0m. En stress-recursion.clsx:2:1 [33mÔåÆ[0m f
  2 | function f(n: int) -> int {
    | [90m^[0m
[36m786[0m. En stress-recursion.clsx:2:1 [33mÔåÆ[0m f
  2 | function f(n: int) -> int {
    | [90m^[0m
[36m787[0m. En stress-recursion.clsx:2:1 [33mÔåÆ[0m f
  2 | function f(n: int) -> int {
    | [90m^[0m
[36m788[0m. En stress-recursion.clsx:2:1 [33mÔåÆ[0m f
  2 | function f(n: int) -> int {
    | [90m^[0m
[36m789[0m. En stress-recursion.clsx:2:1 [33mÔåÆ[0m f
  2 | function f(n: int) -> int {
    | [90m^[0m
[36m790[0m. En stress-recursion.clsx:2:1 [33mÔåÆ[0m f
  2 | function f(n: int) -> int {
    | [90m^[0m
[36m791[0m. En stress-recursion.clsx:2:1 [33mÔåÆ[0m f
  2 | function f(n: int) -> int {
    | [90m^[0m
[36m792[0m. En stress-recursion.clsx:2:1 [33mÔåÆ[0m f
  2 | function f(n: int) -> int {
    | [90m^[0m
[36m793[0m. En stress-recursion.clsx:2:1 [33mÔåÆ[0m f
  2 | function f(n: int) -> int {
    | [90m^[0m
[36m794[0m. En stress-recursion.clsx:2:1 [33mÔåÆ[0m f
  2 | function f(n: int) -> int {
    | [90m^[0m
[36m795[0m. En stress-recursion.clsx:2:1 [33mÔåÆ[0m f
  2 | function f(n: int) -> int {
    | [90m^[0m
[36m796[0m. En stress-recursion.clsx:2:1 [33mÔåÆ[0m f
  2 | function f(n: int) -> int {
    | [90m^[0m
[36m797[0m. En stress-recursion.clsx:2:1 [33mÔåÆ[0m f
  2 | function f(n: int) -> int {
    | [90m^[0m
[36m798[0m. En stress-recursion.clsx:2:1 [33mÔåÆ[0m f
  2 | function f(n: int) -> int {
    | [90m^[0m
[36m799[0m. En stress-recursion.clsx:2:1 [33mÔåÆ[0m f
  2 | function f(n: int) -> int {
    | [90m^[0m
[36m800[0m. En stress-recursion.clsx:2:1 [33mÔåÆ[0m f
  2 | function f(n: int) -> int {
    | [90m^[0m
[36m801[0m. En stress-recursion.clsx:2:1 [33mÔåÆ[0m f
  2 | function f(n: int) -> int {
    | [90m^[0m
[36m802[0m. En stress-recursion.clsx:2:1 [33mÔåÆ[0m f
  2 | function f(n: int) -> int {
    | [90m^[0m
[36m803[0m. En stress-recursion.clsx:2:1 [33mÔåÆ[0m f
  2 | function f(n: int) -> int {
    | [90m^[0m
[36m804[0m. En stress-recursion.clsx:2:1 [33mÔåÆ[0m f
  2 | function f(n: int) -> int {
    | [90m^[0m
[36m805[0m. En stress-recursion.clsx:2:1 [33mÔåÆ[0m f
  2 | function f(n: int) -> int {
    | [90m^[0m
[36m806[0m. En stress-recursion.clsx:2:1 [33mÔåÆ[0m f
  2 | function f(n: int) -> int {
    | [90m^[0m
[36m807[0m. En stress-recursion.clsx:2:1 [33mÔåÆ[0m f
  2 | function f(n: int) -> int {
    | [90m^[0m
[36m808[0m. En stress-recursion.clsx:2:1 [33mÔåÆ[0m f
  2 | function f(n: int) -> int {
    | [90m^[0m
[36m809[0m. En stress-recursion.clsx:2:1 [33mÔåÆ[0m f
  2 | function f(n: int) -> int {
    | [90m^[0m
[36m810[0m. En stress-recursion.clsx:2:1 [33mÔåÆ[0m f
  2 | function f(n: int) -> int {
    | [90m^[0m
[36m811[0m. En stress-recursion.clsx:2:1 [33mÔåÆ[0m f
  2 | function f(n: int) -> int {
    | [90m^[0m
[36m812[0m. En stress-recursion.clsx:2:1 [33mÔåÆ[0m f
  2 | function f(n: int) -> int {
    | [90m^[0m
[36m813[0m. En stress-recursion.clsx:2:1 [33mÔåÆ[0m f
  2 | function f(n: int) -> int {
    | [90m^[0m
[36m814[0m. En stress-recursion.clsx:2:1 [33mÔåÆ[0m f
  2 | function f(n: int) -> int {
    | [90m^[0m
[36m815[0m. En stress-recursion.clsx:2:1 [33mÔåÆ[0m f
  2 | function f(n: int) -> int {
    | [90m^[0m
[36m816[0m. En stress-recursion.clsx:2:1 [33mÔåÆ[0m f
  2 | function f(n: int) -> int {
    | [90m^[0m
[36m817[0m. En stress-recursion.clsx:2:1 [33mÔåÆ[0m f
  2 | function f(n: int) -> int {
    | [90m^[0m
[36m818[0m. En stress-recursion.clsx:2:1 [33mÔåÆ[0m f
  2 | function f(n: int) -> int {
    | [90m^[0m
[36m819[0m. En stress-recursion.clsx:2:1 [33mÔåÆ[0m f
  2 | function f(n: int) -> int {
    | [90m^[0m
[36m820[0m. En stress-recursion.clsx:2:1 [33mÔåÆ[0m f
  2 | function f(n: int) -> int {
    | [90m^[0m
[36m821[0m. En stress-recursion.clsx:2:1 [33mÔåÆ[0m f
  2 | function f(n: int) -> int {
    | [90m^[0m
[36m822[0m. En stress-recursion.clsx:2:1 [33mÔåÆ[0m f
  2 | function f(n: int) -> int {
    | [90m^[0m
[36m823[0m. En stress-recursion.clsx:2:1 [33mÔåÆ[0m f
  2 | function f(n: int) -> int {
    | [90m^[0m
[36m824[0m. En stress-recursion.clsx:2:1 [33mÔåÆ[0m f
  2 | function f(n: int) -> int {
    | [90m^[0m
[36m825[0m. En stress-recursion.clsx:2:1 [33mÔåÆ[0m f
  2 | function f(n: int) -> int {
    | [90m^[0m
[36m826[0m. En stress-recursion.clsx:2:1 [33mÔåÆ[0m f
  2 | function f(n: int) -> int {
    | [90m^[0m
[36m827[0m. En stress-recursion.clsx:2:1 [33mÔåÆ[0m f
  2 | function f(n: int) -> int {
    | [90m^[0m
[36m828[0m. En stress-recursion.clsx:2:1 [33mÔåÆ[0m f
  2 | function f(n: int) -> int {
    | [90m^[0m
[36m829[0m. En stress-recursion.clsx:2:1 [33mÔåÆ[0m f
  2 | function f(n: int) -> int {
    | [90m^[0m
[36m830[0m. En stress-recursion.clsx:2:1 [33mÔåÆ[0m f
  2 | function f(n: int) -> int {
    | [90m^[0m
[36m831[0m. En stress-recursion.clsx:2:1 [33mÔåÆ[0m f
  2 | function f(n: int) -> int {
    | [90m^[0m
[36m832[0m. En stress-recursion.clsx:2:1 [33mÔåÆ[0m f
  2 | function f(n: int) -> int {
    | [90m^[0m
[36m833[0m. En stress-recursion.clsx:2:1 [33mÔåÆ[0m f
  2 | function f(n: int) -> int {
    | [90m^[0m
[36m834[0m. En stress-recursion.clsx:2:1 [33mÔåÆ[0m f
  2 | function f(n: int) -> int {
    | [90m^[0m
[36m835[0m. En stress-recursion.clsx:2:1 [33mÔåÆ[0m f
  2 | function f(n: int) -> int {
    | [90m^[0m
[36m836[0m. En stress-recursion.clsx:2:1 [33mÔåÆ[0m f
  2 | function f(n: int) -> int {
    | [90m^[0m
[36m837[0m. En stress-recursion.clsx:2:1 [33mÔåÆ[0m f
  2 | function f(n: int) -> int {
    | [90m^[0m
[36m838[0m. En stress-recursion.clsx:2:1 [33mÔåÆ[0m f
  2 | function f(n: int) -> int {
    | [90m^[0m
[36m839[0m. En stress-recursion.clsx:2:1 [33mÔåÆ[0m f
  2 | function f(n: int) -> int {
    | [90m^[0m
[36m840[0m. En stress-recursion.clsx:2:1 [33mÔåÆ[0m f
  2 | function f(n: int) -> int {
    | [90m^[0m
[36m841[0m. En stress-recursion.clsx:2:1 [33mÔåÆ[0m f
  2 | function f(n: int) -> int {
    | [90m^[0m
[36m842[0m. En stress-recursion.clsx:2:1 [33mÔåÆ[0m f
  2 | function f(n: int) -> int {
    | [90m^[0m
[36m843[0m. En stress-recursion.clsx:2:1 [33mÔåÆ[0m f
  2 | function f(n: int) -> int {
    | [90m^[0m
[36m844[0m. En stress-recursion.clsx:2:1 [33mÔåÆ[0m f
  2 | function f(n: int) -> int {
    | [90m^[0m
[36m845[0m. En stress-recursion.clsx:2:1 [33mÔåÆ[0m f
  2 | function f(n: int) -> int {
    | [90m^[0m
[36m846[0m. En stress-recursion.clsx:2:1 [33mÔåÆ[0m f
  2 | function f(n: int) -> int {
    | [90m^[0m
[36m847[0m. En stress-recursion.clsx:2:1 [33mÔåÆ[0m f
  2 | function f(n: int) -> int {
    | [90m^[0m
[36m848[0m. En stress-recursion.clsx:2:1 [33mÔåÆ[0m f
  2 | function f(n: int) -> int {
    | [90m^[0m
[36m849[0m. En stress-recursion.clsx:2:1 [33mÔåÆ[0m f
  2 | function f(n: int) -> int {
    | [90m^[0m
[36m850[0m. En stress-recursion.clsx:2:1 [33mÔåÆ[0m f
  2 | function f(n: int) -> int {
    | [90m^[0m
[36m851[0m. En stress-recursion.clsx:2:1 [33mÔåÆ[0m f
  2 | function f(n: int) -> int {
    | [90m^[0m
[36m852[0m. En stress-recursion.clsx:2:1 [33mÔåÆ[0m f
  2 | function f(n: int) -> int {
    | [90m^[0m
[36m853[0m. En stress-recursion.clsx:2:1 [33mÔåÆ[0m f
  2 | function f(n: int) -> int {
    | [90m^[0m
[36m854[0m. En stress-recursion.clsx:2:1 [33mÔåÆ[0m f
  2 | function f(n: int) -> int {
    | [90m^[0m
[36m855[0m. En stress-recursion.clsx:2:1 [33mÔåÆ[0m f
  2 | function f(n: int) -> int {
    | [90m^[0m
[36m856[0m. En stress-recursion.clsx:2:1 [33mÔåÆ[0m f
  2 | function f(n: int) -> int {
    | [90m^[0m
[36m857[0m. En stress-recursion.clsx:2:1 [33mÔåÆ[0m f
  2 | function f(n: int) -> int {
    | [90m^[0m
[36m858[0m. En stress-recursion.clsx:2:1 [33mÔåÆ[0m f
  2 | function f(n: int) -> int {
    | [90m^[0m
[36m859[0m. En stress-recursion.clsx:2:1 [33mÔåÆ[0m f
  2 | function f(n: int) -> int {
    | [90m^[0m
[36m860[0m. En stress-recursion.clsx:2:1 [33mÔåÆ[0m f
  2 | function f(n: int) -> int {
    | [90m^[0m
[36m861[0m. En stress-recursion.clsx:2:1 [33mÔåÆ[0m f
  2 | function f(n: int) -> int {
    | [90m^[0m
[36m862[0m. En stress-recursion.clsx:2:1 [33mÔåÆ[0m f
  2 | function f(n: int) -> int {
    | [90m^[0m
[36m863[0m. En stress-recursion.clsx:2:1 [33mÔåÆ[0m f
  2 | function f(n: int) -> int {
    | [90m^[0m
[36m864[0m. En stress-recursion.clsx:2:1 [33mÔåÆ[0m f
  2 | function f(n: int) -> int {
    | [90m^[0m
[36m865[0m. En stress-recursion.clsx:2:1 [33mÔåÆ[0m f
  2 | function f(n: int) -> int {
    | [90m^[0m
[36m866[0m. En stress-recursion.clsx:2:1 [33mÔåÆ[0m f
  2 | function f(n: int) -> int {
    | [90m^[0m
[36m867[0m. En stress-recursion.clsx:2:1 [33mÔåÆ[0m f
  2 | function f(n: int) -> int {
    | [90m^[0m
[36m868[0m. En stress-recursion.clsx:2:1 [33mÔåÆ[0m f
  2 | function f(n: int) -> int {
    | [90m^[0m
[36m869[0m. En stress-recursion.clsx:2:1 [33mÔåÆ[0m f
  2 | function f(n: int) -> int {
    | [90m^[0m
[36m870[0m. En stress-recursion.clsx:2:1 [33mÔåÆ[0m f
  2 | function f(n: int) -> int {
    | [90m^[0m
[36m871[0m. En stress-recursion.clsx:2:1 [33mÔåÆ[0m f
  2 | function f(n: int) -> int {
    | [90m^[0m
[36m872[0m. En stress-recursion.clsx:2:1 [33mÔåÆ[0m f
  2 | function f(n: int) -> int {
    | [90m^[0m
[36m873[0m. En stress-recursion.clsx:2:1 [33mÔåÆ[0m f
  2 | function f(n: int) -> int {
    | [90m^[0m
[36m874[0m. En stress-recursion.clsx:2:1 [33mÔåÆ[0m f
  2 | function f(n: int) -> int {
    | [90m^[0m
[36m875[0m. En stress-recursion.clsx:2:1 [33mÔåÆ[0m f
  2 | function f(n: int) -> int {
    | [90m^[0m
[36m876[0m. En stress-recursion.clsx:2:1 [33mÔåÆ[0m f
  2 | function f(n: int) -> int {
    | [90m^[0m
[36m877[0m. En stress-recursion.clsx:2:1 [33mÔåÆ[0m f
  2 | function f(n: int) -> int {
    | [90m^[0m
[36m878[0m. En stress-recursion.clsx:2:1 [33mÔåÆ[0m f
  2 | function f(n: int) -> int {
    | [90m^[0m
[36m879[0m. En stress-recursion.clsx:2:1 [33mÔåÆ[0m f
  2 | function f(n: int) -> int {
    | [90m^[0m
[36m880[0m. En stress-recursion.clsx:2:1 [33mÔåÆ[0m f
  2 | function f(n: int) -> int {
    | [90m^[0m
[36m881[0m. En stress-recursion.clsx:2:1 [33mÔåÆ[0m f
  2 | function f(n: int) -> int {
    | [90m^[0m
[36m882[0m. En stress-recursion.clsx:2:1 [33mÔåÆ[0m f
  2 | function f(n: int) -> int {
    | [90m^[0m
[36m883[0m. En stress-recursion.clsx:2:1 [33mÔåÆ[0m f
  2 | function f(n: int) -> int {
    | [90m^[0m
[36m884[0m. En stress-recursion.clsx:2:1 [33mÔåÆ[0m f
  2 | function f(n: int) -> int {
    | [90m^[0m
[36m885[0m. En stress-recursion.clsx:2:1 [33mÔåÆ[0m f
  2 | function f(n: int) -> int {
    | [90m^[0m
[36m886[0m. En stress-recursion.clsx:2:1 [33mÔåÆ[0m f
  2 | function f(n: int) -> int {
    | [90m^[0m
[36m887[0m. En stress-recursion.clsx:2:1 [33mÔåÆ[0m f
  2 | function f(n: int) -> int {
    | [90m^[0m
[36m888[0m. En stress-recursion.clsx:2:1 [33mÔåÆ[0m f
  2 | function f(n: int) -> int {
    | [90m^[0m
[36m889[0m. En stress-recursion.clsx:2:1 [33mÔåÆ[0m f
  2 | function f(n: int) -> int {
    | [90m^[0m
[36m890[0m. En stress-recursion.clsx:2:1 [33mÔåÆ[0m f
  2 | function f(n: int) -> int {
    | [90m^[0m
[36m891[0m. En stress-recursion.clsx:2:1 [33mÔåÆ[0m f
  2 | function f(n: int) -> int {
    | [90m^[0m
[36m892[0m. En stress-recursion.clsx:2:1 [33mÔåÆ[0m f
  2 | function f(n: int) -> int {
    | [90m^[0m
[36m893[0m. En stress-recursion.clsx:2:1 [33mÔåÆ[0m f
  2 | function f(n: int) -> int {
    | [90m^[0m
[36m894[0m. En stress-recursion.clsx:2:1 [33mÔåÆ[0m f
  2 | function f(n: int) -> int {
    | [90m^[0m
[36m895[0m. En stress-recursion.clsx:2:1 [33mÔåÆ[0m f
  2 | function f(n: int) -> int {
    | [90m^[0m
[36m896[0m. En stress-recursion.clsx:2:1 [33mÔåÆ[0m f
  2 | function f(n: int) -> int {
    | [90m^[0m
[36m897[0m. En stress-recursion.clsx:2:1 [33mÔåÆ[0m f
  2 | function f(n: int) -> int {
    | [90m^[0m
[36m898[0m. En stress-recursion.clsx:2:1 [33mÔåÆ[0m f
  2 | function f(n: int) -> int {
    | [90m^[0m
[36m899[0m. En stress-recursion.clsx:2:1 [33mÔåÆ[0m f
  2 | function f(n: int) -> int {
    | [90m^[0m
[36m900[0m. En stress-recursion.clsx:2:1 [33mÔåÆ[0m f
  2 | function f(n: int) -> int {
    | [90m^[0m
[36m901[0m. En stress-recursion.clsx:2:1 [33mÔåÆ[0m f
  2 | function f(n: int) -> int {
    | [90m^[0m
[36m902[0m. En stress-recursion.clsx:2:1 [33mÔåÆ[0m f
  2 | function f(n: int) -> int {
    | [90m^[0m
[36m903[0m. En stress-recursion.clsx:2:1 [33mÔåÆ[0m f
  2 | function f(n: int) -> int {
    | [90m^[0m
[36m904[0m. En stress-recursion.clsx:2:1 [33mÔåÆ[0m f
  2 | function f(n: int) -> int {
    | [90m^[0m
[36m905[0m. En stress-recursion.clsx:2:1 [33mÔåÆ[0m f
  2 | function f(n: int) -> int {
    | [90m^[0m
[36m906[0m. En stress-recursion.clsx:2:1 [33mÔåÆ[0m f
  2 | function f(n: int) -> int {
    | [90m^[0m
[36m907[0m. En stress-recursion.clsx:2:1 [33mÔåÆ[0m f
  2 | function f(n: int) -> int {
    | [90m^[0m
[36m908[0m. En stress-recursion.clsx:2:1 [33mÔåÆ[0m f
  2 | function f(n: int) -> int {
    | [90m^[0m
[36m909[0m. En stress-recursion.clsx:2:1 [33mÔåÆ[0m f
  2 | function f(n: int) -> int {
    | [90m^[0m
[36m910[0m. En stress-recursion.clsx:2:1 [33mÔåÆ[0m f
  2 | function f(n: int) -> int {
    | [90m^[0m
[36m911[0m. En stress-recursion.clsx:2:1 [33mÔåÆ[0m f
  2 | function f(n: int) -> int {
    | [90m^[0m
[36m912[0m. En stress-recursion.clsx:2:1 [33mÔåÆ[0m f
  2 | function f(n: int) -> int {
    | [90m^[0m
[36m913[0m. En stress-recursion.clsx:2:1 [33mÔåÆ[0m f
  2 | function f(n: int) -> int {
    | [90m^[0m
[36m914[0m. En stress-recursion.clsx:2:1 [33mÔåÆ[0m f
  2 | function f(n: int) -> int {
    | [90m^[0m
[36m915[0m. En stress-recursion.clsx:2:1 [33mÔåÆ[0m f
  2 | function f(n: int) -> int {
    | [90m^[0m
[36m916[0m. En stress-recursion.clsx:2:1 [33mÔåÆ[0m f
  2 | function f(n: int) -> int {
    | [90m^[0m
[36m917[0m. En stress-recursion.clsx:2:1 [33mÔåÆ[0m f
  2 | function f(n: int) -> int {
    | [90m^[0m
[36m918[0m. En stress-recursion.clsx:2:1 [33mÔåÆ[0m f
  2 | function f(n: int) -> int {
    | [90m^[0m
[36m919[0m. En stress-recursion.clsx:2:1 [33mÔåÆ[0m f
  2 | function f(n: int) -> int {
    | [90m^[0m
[36m920[0m. En stress-recursion.clsx:2:1 [33mÔåÆ[0m f
  2 | function f(n: int) -> int {
    | [90m^[0m
[36m921[0m. En stress-recursion.clsx:2:1 [33mÔåÆ[0m f
  2 | function f(n: int) -> int {
    | [90m^[0m
[36m922[0m. En stress-recursion.clsx:2:1 [33mÔåÆ[0m f
  2 | function f(n: int) -> int {
    | [90m^[0m
[36m923[0m. En stress-recursion.clsx:2:1 [33mÔåÆ[0m f
  2 | function f(n: int) -> int {
    | [90m^[0m
[36m924[0m. En stress-recursion.clsx:2:1 [33mÔåÆ[0m f
  2 | function f(n: int) -> int {
    | [90m^[0m
[36m925[0m. En stress-recursion.clsx:2:1 [33mÔåÆ[0m f
  2 | function f(n: int) -> int {
    | [90m^[0m
[36m926[0m. En stress-recursion.clsx:2:1 [33mÔåÆ[0m f
  2 | function f(n: int) -> int {
    | [90m^[0m
[36m927[0m. En stress-recursion.clsx:2:1 [33mÔåÆ[0m f
  2 | function f(n: int) -> int {
    | [90m^[0m
[36m928[0m. En stress-recursion.clsx:2:1 [33mÔåÆ[0m f
  2 | function f(n: int) -> int {
    | [90m^[0m
[36m929[0m. En stress-recursion.clsx:2:1 [33mÔåÆ[0m f
  2 | function f(n: int) -> int {
    | [90m^[0m
[36m930[0m. En stress-recursion.clsx:2:1 [33mÔåÆ[0m f
  2 | function f(n: int) -> int {
    | [90m^[0m
[36m931[0m. En stress-recursion.clsx:2:1 [33mÔåÆ[0m f
  2 | function f(n: int) -> int {
    | [90m^[0m
[36m932[0m. En stress-recursion.clsx:2:1 [33mÔåÆ[0m f
  2 | function f(n: int) -> int {
    | [90m^[0m
[36m933[0m. En stress-recursion.clsx:2:1 [33mÔåÆ[0m f
  2 | function f(n: int) -> int {
    | [90m^[0m
[36m934[0m. En stress-recursion.clsx:2:1 [33mÔåÆ[0m f
  2 | function f(n: int) -> int {
    | [90m^[0m
[36m935[0m. En stress-recursion.clsx:2:1 [33mÔåÆ[0m f
  2 | function f(n: int) -> int {
    | [90m^[0m
[36m936[0m. En stress-recursion.clsx:2:1 [33mÔåÆ[0m f
  2 | function f(n: int) -> int {
    | [90m^[0m
[36m937[0m. En stress-recursion.clsx:2:1 [33mÔåÆ[0m f
  2 | function f(n: int) -> int {
    | [90m^[0m
[36m938[0m. En stress-recursion.clsx:2:1 [33mÔåÆ[0m f
  2 | function f(n: int) -> int {
    | [90m^[0m
[36m939[0m. En stress-recursion.clsx:2:1 [33mÔåÆ[0m f
  2 | function f(n: int) -> int {
    | [90m^[0m
[36m940[0m. En stress-recursion.clsx:2:1 [33mÔåÆ[0m f
  2 | function f(n: int) -> int {
    | [90m^[0m
[36m941[0m. En stress-recursion.clsx:2:1 [33mÔåÆ[0m f
  2 | function f(n: int) -> int {
    | [90m^[0m
[36m942[0m. En stress-recursion.clsx:2:1 [33mÔåÆ[0m f
  2 | function f(n: int) -> int {
    | [90m^[0m
[36m943[0m. En stress-recursion.clsx:2:1 [33mÔåÆ[0m f
  2 | function f(n: int) -> int {
    | [90m^[0m
[36m944[0m. En stress-recursion.clsx:2:1 [33mÔåÆ[0m f
  2 | function f(n: int) -> int {
    | [90m^[0m
[36m945[0m. En stress-recursion.clsx:2:1 [33mÔåÆ[0m f
  2 | function f(n: int) -> int {
    | [90m^[0m
[36m946[0m. En stress-recursion.clsx:2:1 [33mÔåÆ[0m f
  2 | function f(n: int) -> int {
    | [90m^[0m
[36m947[0m. En stress-recursion.clsx:2:1 [33mÔåÆ[0m f
  2 | function f(n: int) -> int {
    | [90m^[0m
[36m948[0m. En stress-recursion.clsx:2:1 [33mÔåÆ[0m f
  2 | function f(n: int) -> int {
    | [90m^[0m
[36m949[0m. En stress-recursion.clsx:2:1 [33mÔåÆ[0m f
  2 | function f(n: int) -> int {
    | [90m^[0m
[36m950[0m. En stress-recursion.clsx:2:1 [33mÔåÆ[0m f
  2 | function f(n: int) -> int {
    | [90m^[0m
[36m951[0m. En stress-recursion.clsx:2:1 [33mÔåÆ[0m f
  2 | function f(n: int) -> int {
    | [90m^[0m
[36m952[0m. En stress-recursion.clsx:2:1 [33mÔåÆ[0m f
  2 | function f(n: int) -> int {
    | [90m^[0m
[36m953[0m. En stress-recursion.clsx:2:1 [33mÔåÆ[0m f
  2 | function f(n: int) -> int {
    | [90m^[0m
[36m954[0m. En stress-recursion.clsx:2:1 [33mÔåÆ[0m f
  2 | function f(n: int) -> int {
    | [90m^[0m
[36m955[0m. En stress-recursion.clsx:2:1 [33mÔåÆ[0m f
  2 | function f(n: int) -> int {
    | [90m^[0m
[36m956[0m. En stress-recursion.clsx:2:1 [33mÔåÆ[0m f
  2 | function f(n: int) -> int {
    | [90m^[0m
[36m957[0m. En stress-recursion.clsx:2:1 [33mÔåÆ[0m f
  2 | function f(n: int) -> int {
    | [90m^[0m
[36m958[0m. En stress-recursion.clsx:2:1 [33mÔåÆ[0m f
  2 | function f(n: int) -> int {
    | [90m^[0m
[36m959[0m. En stress-recursion.clsx:2:1 [33mÔåÆ[0m f
  2 | function f(n: int) -> int {
    | [90m^[0m
[36m960[0m. En stress-recursion.clsx:2:1 [33mÔåÆ[0m f
  2 | function f(n: int) -> int {
    | [90m^[0m
[36m961[0m. En stress-recursion.clsx:2:1 [33mÔåÆ[0m f
  2 | function f(n: int) -> int {
    | [90m^[0m
[36m962[0m. En stress-recursion.clsx:2:1 [33mÔåÆ[0m f
  2 | function f(n: int) -> int {
    | [90m^[0m
[36m963[0m. En stress-recursion.clsx:2:1 [33mÔåÆ[0m f
  2 | function f(n: int) -> int {
    | [90m^[0m
[36m964[0m. En stress-recursion.clsx:2:1 [33mÔåÆ[0m f
  2 | function f(n: int) -> int {
    | [90m^[0m
[36m965[0m. En stress-recursion.clsx:2:1 [33mÔåÆ[0m f
  2 | function f(n: int) -> int {
    | [90m^[0m
[36m966[0m. En stress-recursion.clsx:2:1 [33mÔåÆ[0m f
  2 | function f(n: int) -> int {
    | [90m^[0m
[36m967[0m. En stress-recursion.clsx:2:1 [33mÔåÆ[0m f
  2 | function f(n: int) -> int {
    | [90m^[0m
[36m968[0m. En stress-recursion.clsx:2:1 [33mÔåÆ[0m f
  2 | function f(n: int) -> int {
    | [90m^[0m
[36m969[0m. En stress-recursion.clsx:2:1 [33mÔåÆ[0m f
  2 | function f(n: int) -> int {
    | [90m^[0m
[36m970[0m. En stress-recursion.clsx:2:1 [33mÔåÆ[0m f
  2 | function f(n: int) -> int {
    | [90m^[0m
[36m971[0m. En stress-recursion.clsx:2:1 [33mÔåÆ[0m f
  2 | function f(n: int) -> int {
    | [90m^[0m
[36m972[0m. En stress-recursion.clsx:2:1 [33mÔåÆ[0m f
  2 | function f(n: int) -> int {
    | [90m^[0m
[36m973[0m. En stress-recursion.clsx:2:1 [33mÔåÆ[0m f
  2 | function f(n: int) -> int {
    | [90m^[0m
[36m974[0m. En stress-recursion.clsx:2:1 [33mÔåÆ[0m f
  2 | function f(n: int) -> int {
    | [90m^[0m
[36m975[0m. En stress-recursion.clsx:2:1 [33mÔåÆ[0m f
  2 | function f(n: int) -> int {
    | [90m^[0m
[36m976[0m. En stress-recursion.clsx:2:1 [33mÔåÆ[0m f
  2 | function f(n: int) -> int {
    | [90m^[0m
[36m977[0m. En stress-recursion.clsx:2:1 [33mÔåÆ[0m f
  2 | function f(n: int) -> int {
    | [90m^[0m
[36m978[0m. En stress-recursion.clsx:2:1 [33mÔåÆ[0m f
  2 | function f(n: int) -> int {
    | [90m^[0m
[36m979[0m. En stress-recursion.clsx:2:1 [33mÔåÆ[0m f
  2 | function f(n: int) -> int {
    | [90m^[0m
[36m980[0m. En stress-recursion.clsx:2:1 [33mÔåÆ[0m f
  2 | function f(n: int) -> int {
    | [90m^[0m
[36m981[0m. En stress-recursion.clsx:2:1 [33mÔåÆ[0m f
  2 | function f(n: int) -> int {
    | [90m^[0m
[36m982[0m. En stress-recursion.clsx:2:1 [33mÔåÆ[0m f
  2 | function f(n: int) -> int {
    | [90m^[0m
[36m983[0m. En stress-recursion.clsx:2:1 [33mÔåÆ[0m f
  2 | function f(n: int) -> int {
    | [90m^[0m
[36m984[0m. En stress-recursion.clsx:2:1 [33mÔåÆ[0m f
  2 | function f(n: int) -> int {
    | [90m^[0m
[36m985[0m. En stress-recursion.clsx:2:1 [33mÔåÆ[0m f
  2 | function f(n: int) -> int {
    | [90m^[0m
[36m986[0m. En stress-recursion.clsx:2:1 [33mÔåÆ[0m f
  2 | function f(n: int) -> int {
    | [90m^[0m
[36m987[0m. En stress-recursion.clsx:2:1 [33mÔåÆ[0m f
  2 | function f(n: int) -> int {
    | [90m^[0m
[36m988[0m. En stress-recursion.clsx:2:1 [33mÔåÆ[0m f
  2 | function f(n: int) -> int {
    | [90m^[0m
[36m989[0m. En stress-recursion.clsx:2:1 [33mÔåÆ[0m f
  2 | function f(n: int) -> int {
    | [90m^[0m
[36m990[0m. En stress-recursion.clsx:2:1 [33mÔåÆ[0m f
  2 | function f(n: int) -> int {
    | [90m^[0m
[36m991[0m. En stress-recursion.clsx:2:1 [33mÔåÆ[0m f
  2 | function f(n: int) -> int {
    | [90m^[0m
[36m992[0m. En stress-recursion.clsx:2:1 [33mÔåÆ[0m f
  2 | function f(n: int) -> int {
    | [90m^[0m
[36m993[0m. En stress-recursion.clsx:2:1 [33mÔåÆ[0m f
  2 | function f(n: int) -> int {
    | [90m^[0m
[36m994[0m. En stress-recursion.clsx:2:1 [33mÔåÆ[0m f
  2 | function f(n: int) -> int {
    | [90m^[0m
[36m995[0m. En stress-recursion.clsx:2:1 [33mÔåÆ[0m f
  2 | function f(n: int) -> int {
    | [90m^[0m
[36m996[0m. En stress-recursion.clsx:2:1 [33mÔåÆ[0m f
  2 | function f(n: int) -> int {
    | [90m^[0m
[36m997[0m. En stress-recursion.clsx:2:1 [33mÔåÆ[0m f
  2 | function f(n: int) -> int {
    | [90m^[0m
[36m998[0m. En stress-recursion.clsx:2:1 [33mÔåÆ[0m f
  2 | function f(n: int) -> int {
    | [90m^[0m
[36m999[0m. En stress-recursion.clsx:2:1 [33mÔåÆ[0m f
  2 | function f(n: int) -> int {
    | [90m^[0m
[36m1000[0m. En stress-recursion.clsx:2:1 [33mÔåÆ[0m f
  2 | function f(n: int) -> int {
    | [90m^[0m
[36m1001[0m. En stress-recursion.clsx:2:1 [95m[Runtime Error][0m
  2 | function f(n: int) -> int {
    | [31m^[0m
  [1m[91mError:[0m[0m Trap WASM: wasm trap: call stack exhausted
System.Management.Automation.RemoteException
